,unicef_region,iso3,country,vaccine,2018,2017,2016,2015,2014,2013,2012,2011,2010,2009,2008,2007,2006,2005,2004,2003,2002,2001,2000,1999,1998,1997,1996,1995,1994,1993,1992,1991,1990,1989,1988,1987,1986,1985,1984,1983,1982,1981,1980
0,South Asia,AFG,Afghanistan,DTP1,73,73,73,73,73,76,78,78,72.0,72.0,75.0,76.0,75.0,76.0,72.0,66.0,62.0,59.0,48.0,52.0,52.0,48.0,56.0,44.0,33.0,41.0,45.0,47.0,50.0,58.0,60.0,50.0,32.0,37.0,39.0,24.0,24.0,0.0,22.0
1,Eastern Europe & Central Asia,ALB,Albania,DTP1,99,99,99,99,99,99,99,99,99.0,99.0,99.0,98.0,98.0,99.0,98.0,97.0,98.0,97.0,98.0,98.0,99.0,99.0,98.0,98.0,99.0,98.0,97.0,92.0,97.0,97.0,98.0,98.0,98.0,98.0,98.0,98.0,98.0,97.0,97.0
2,Middle East & North Africa,DZA,Algeria,DTP1,96,95,96,99,99,99,99,99,99.0,98.0,97.0,98.0,98.0,94.0,93.0,93.0,93.0,92.0,95.0,92.0,94.0,96.0,96.0,96.0,95.0,96.0,96.0,96.0,96.0,95.0,93.0,92.0,92.0,88.0,0.0,0.0,0.0,0.0,0.0
3,Western Europe,AND,Andorra,DTP1,99,99,99,99,99,96,99,99,99.0,99.0,99.0,96.0,96.0,99.0,99.0,99.0,99.0,96.0,99.0,96.0,96.0,96.0,0.0,0.0,0.0,0.0,0.0,0.0,0.0,0.0,0.0,0.0,0.0,0.0,0.0,0.0,0.0,0.0,0.0
4,Eastern & Southern Africa,AGO,Angola,DTP1,67,61,67,65,69,67,73,79,85.0,71.0,81.0,66.0,52.0,50.0,66.0,60.0,60.0,54.0,44.0,51.0,59.0,66.0,53.0,48.0,52.0,55.0,45.0,51.0,48.0,41.0,33.0,31.0,31.0,28.0,28.0,25.0,0.0,0.0,0.0
5,Latin America & Caribbean,ATG,Antigua and Barbuda,DTP1,99,96,97,99,99,99,99,99,99.0,99.0,99.0,99.0,99.0,99.0,99.0,99.0,98.0,99.0,98.0,99.0,99.0,99.0,99.0,99.0,99.0,99.0,99.0,97.0,99.0,99.0,98.0,98.0,98.0,99.0,97.0,99.0,92.0,92.0,77.0
6,Latin America & Caribbean,ARG,Argentina,DTP1,91,91,97,94,98,94,94,94,95.0,94.0,97.0,94.0,93.0,99.0,99.0,96.0,96.0,96.0,96.0,96.0,96.0,96.0,94.0,95.0,94.0,93.0,93.0,93.0,95.0,93.0,93.0,91.0,86.0,86.0,83.0,82.0,80.0,73.0,69.0
7,Eastern Europe & Central Asia,ARM,Armenia,DTP1,96,97,97,97,97,97,98,98,98.0,97.0,96.0,96.0,95.0,96.0,97.0,98.0,98.0,98.0,97.0,97.0,93.0,96.0,95.0,98.0,95.0,95.0,95.0,0.0,0.0,0.0,0.0,0.0,0.0,0.0,0.0,0.0,0.0,0.0,0.0
8,East Asia & Pacific,AUS,Australia,DTP1,98,98,98,97,92,92,92,92,97.0,97.0,97.0,97.0,97.0,97.0,97.0,97.0,97.0,97.0,96.0,96.0,84.0,91.0,95.0,95.0,96.0,96.0,97.0,97.0,98.0,97.0,96.0,93.0,91.0,87.0,83.0,78.0,72.0,65.0,58.0
9,Western Europe,AUT,Austria,DTP1,90,94,95,97,99,98,97,96,95.0,94.0,94.0,95.0,86.0,99.0,99.0,90.0,99.0,99.0,99.0,93.0,94.0,96.0,96.0,96.0,96.0,96.0,96.0,96.0,96.0,96.0,96.0,96.0,96.0,96.0,96.0,96.0,96.0,96.0,96.0
10,Eastern Europe & Central Asia,AZE,Azerbaijan,DTP1,96,97,98,97,96,95,94,94,94.0,90.0,90.0,87.0,86.0,81.0,84.0,83.0,82.0,83.0,83.0,83.0,81.0,78.0,82.0,79.0,77.0,65.0,64.0,0.0,0.0,0.0,0.0,0.0,0.0,0.0,0.0,0.0,0.0,0.0,0.0
11,Latin America & Caribbean,BHS,Bahamas,DTP1,94,98,95,99,96,99,99,99,99.0,99.0,99.0,98.0,95.0,99.0,99.0,99.0,99.0,99.0,99.0,96.0,96.0,95.0,95.0,95.0,97.0,97.0,97.0,97.0,95.0,95.0,95.0,95.0,95.0,95.0,87.0,85.0,87.0,78.0,61.0
12,Middle East & North Africa,BHR,Bahrain,DTP1,99,98,99,98,98,99,99,99,99.0,98.0,98.0,97.0,99.0,99.0,99.0,99.0,99.0,99.0,98.0,99.0,98.0,98.0,96.0,98.0,99.0,97.0,97.0,99.0,97.0,98.0,98.0,98.0,97.0,96.0,95.0,94.0,92.0,91.0,89.0
13,South Asia,BGD,Bangladesh,DTP1,99,99,99,99,99,98,97,99,98.0,99.0,99.0,98.0,97.0,97.0,99.0,93.0,95.0,94.0,92.0,91.0,89.0,92.0,91.0,87.0,94.0,79.0,86.0,88.0,86.0,73.0,39.0,29.0,22.0,20.0,18.0,18.0,18.0,18.0,0.0
14,Latin America & Caribbean,BRB,Barbados,DTP1,96,90,99,99,98,97,96,95,94.0,93.0,85.0,93.0,94.0,97.0,97.0,91.0,92.0,92.0,93.0,95.0,96.0,98.0,95.0,97.0,96.0,95.0,96.0,94.0,97.0,92.0,91.0,92.0,92.0,94.0,94.0,87.0,83.0,80.0,82.0
15,Eastern Europe & Central Asia,BLR,Belarus,DTP1,97,97,99,99,97,99,98,99,99.0,98.0,98.0,99.0,99.0,99.0,99.0,74.0,99.0,99.0,99.0,99.0,99.0,98.0,98.0,98.0,97.0,97.0,96.0,0.0,0.0,0.0,0.0,0.0,0.0,0.0,0.0,0.0,0.0,0.0,0.0
16,Western Europe,BEL,Belgium,DTP1,99,99,99,99,99,99,99,99,99.0,99.0,99.0,99.0,99.0,98.0,97.0,97.0,97.0,97.0,97.0,97.0,96.0,95.0,98.0,97.0,98.0,98.0,98.0,97.0,97.0,97.0,93.0,98.0,98.0,98.0,98.0,98.0,98.0,98.0,98.0
17,Latin America & Caribbean,BLZ,Belize,DTP1,97,89,98,97,96,96,99,98,99.0,99.0,98.0,98.0,98.0,98.0,98.0,98.0,97.0,97.0,96.0,96.0,95.0,95.0,95.0,94.0,96.0,96.0,96.0,94.0,97.0,88.0,90.0,87.0,98.0,81.0,77.0,81.0,74.0,77.0,72.0
18,West & Central Africa,BEN,Benin,DTP1,84,84,84,82,84,86,89,85,87.0,89.0,91.0,94.0,89.0,84.0,85.0,86.0,87.0,88.0,89.0,88.0,87.0,86.0,86.0,82.0,89.0,87.0,86.0,83.0,86.0,68.0,51.0,46.0,36.0,36.0,0.0,0.0,0.0,0.0,0.0
19,South Asia,BTN,Bhutan,DTP1,98,99,99,99,99,97,97,98,94.0,97.0,97.0,98.0,97.0,97.0,92.0,96.0,95.0,96.0,96.0,95.0,96.0,95.0,95.0,95.0,95.0,92.0,95.0,97.0,98.0,91.0,88.0,84.0,77.0,66.0,53.0,39.0,37.0,35.0,25.0
20,Latin America & Caribbean,BOL,Bolivia (Plurinational State of),DTP1,89,91,93,97,92,87,97,98,97.0,97.0,96.0,85.0,87.0,93.0,88.0,96.0,94.0,91.0,92.0,92.0,86.0,80.0,82.0,84.0,80.0,76.0,70.0,68.0,66.0,76.0,53.0,60.0,67.0,58.0,25.0,31.0,33.0,35.0,32.0
21,Eastern Europe & Central Asia,BIH,Bosnia and Herzegovina,DTP1,89,92,90,89,92,94,95,94,95.0,95.0,95.0,96.0,94.0,95.0,93.0,93.0,86.0,94.0,90.0,90.0,91.0,92.0,86.0,78.0,94.0,63.0,80.0,0.0,0.0,0.0,0.0,0.0,0.0,0.0,0.0,0.0,0.0,0.0,0.0
22,Eastern & Southern Africa,BWA,Botswana,DTP1,98,98,98,98,98,98,98,98,98.0,98.0,98.0,98.0,98.0,98.0,98.0,98.0,98.0,98.0,98.0,98.0,98.0,98.0,98.0,98.0,99.0,99.0,99.0,99.0,99.0,99.0,96.0,93.0,98.0,98.0,98.0,97.0,97.0,93.0,89.0
23,Latin America & Caribbean,BRA,Brazil,DTP1,87,99,95,97,98,98,99,99,99.0,99.0,99.0,99.0,99.0,99.0,99.0,99.0,99.0,99.0,99.0,99.0,99.0,99.0,75.0,85.0,50.0,91.0,88.0,92.0,86.0,79.0,80.0,80.0,80.0,86.0,87.0,82.0,79.0,72.0,62.0
24,East Asia & Pacific,BRN,Brunei Darussalam,DTP1,99,99,99,99,99,99,98,99,98.0,99.0,99.0,99.0,99.0,99.0,99.0,99.0,99.0,99.0,99.0,99.0,99.0,99.0,99.0,99.0,99.0,99.0,98.0,98.0,97.0,97.0,96.0,95.0,95.0,96.0,98.0,95.0,99.0,97.0,96.0
25,Eastern Europe & Central Asia,BGR,Bulgaria,DTP1,94,96,94,93,90,96,96,96,96.0,96.0,97.0,96.0,97.0,97.0,95.0,96.0,97.0,95.0,95.0,96.0,96.0,97.0,98.0,98.0,97.0,98.0,98.0,99.0,99.0,99.0,99.0,99.0,99.0,99.0,99.0,99.0,99.0,99.0,98.0
26,West & Central Africa,BFA,Burkina Faso,DTP1,95,95,95,95,95,94,94,93,93.0,93.0,97.0,92.0,91.0,91.0,90.0,90.0,89.0,93.0,97.0,83.0,77.0,78.0,78.0,79.0,79.0,79.0,79.0,86.0,92.0,81.0,74.0,53.0,48.0,35.0,0.0,0.0,0.0,0.0,0.0
27,Eastern & Southern Africa,BDI,Burundi,DTP1,94,94,97,97,98,98,98,99,99.0,99.0,98.0,99.0,99.0,96.0,95.0,93.0,91.0,90.0,88.0,86.0,86.0,86.0,86.0,86.0,72.0,84.0,93.0,94.0,95.0,94.0,68.0,87.0,76.0,61.0,51.0,69.0,58.0,61.0,0.0
28,West & Central Africa,CPV,Cabo Verde,DTP1,99,97,96,97,99,93,98,99,99.0,99.0,99.0,99.0,98.0,97.0,96.0,95.0,95.0,94.0,94.0,93.0,93.0,92.0,90.0,90.0,95.0,96.0,96.0,95.0,96.0,99.0,96.0,97.0,77.0,64.0,56.0,47.0,0.0,0.0,0.0
29,East Asia & Pacific,KHM,Cambodia,DTP1,94,94,94,94,94,94,97,95,93.0,99.0,95.0,87.0,85.0,85.0,92.0,74.0,60.0,65.0,78.0,73.0,78.0,62.0,59.0,55.0,53.0,51.0,48.0,63.0,63.0,72.0,70.0,62.0,62.0,47.0,40.0,0.0,0.0,0.0,0.0
30,West & Central Africa,CMR,Cameroon,DTP1,86,93,92,92,93,95,94,90,92.0,88.0,93.0,90.0,87.0,85.0,80.0,79.0,75.0,70.0,66.0,69.0,71.0,72.0,71.0,71.0,63.0,62.0,62.0,67.0,70.0,73.0,68.0,63.0,58.0,52.0,46.0,44.0,31.0,18.0,0.0
31,North America,CAN,Canada,DTP1,95,95,95,95,95,95,96,96,96.0,96.0,96.0,96.0,96.0,96.0,96.0,95.0,95.0,95.0,95.0,95.0,95.0,95.0,98.0,97.0,97.0,96.0,96.0,96.0,96.0,95.0,95.0,95.0,0.0,0.0,0.0,0.0,0.0,0.0,0.0
32,West & Central Africa,CAF,Central African Republic,DTP1,69,69,69,69,69,35,69,69,67.0,65.0,65.0,65.0,64.0,64.0,64.0,65.0,65.0,65.0,60.0,55.0,61.0,66.0,72.0,77.0,76.0,75.0,75.0,85.0,95.0,84.0,67.0,46.0,42.0,44.0,40.0,39.0,36.0,32.0,35.0
33,West & Central Africa,TCD,Chad,DTP1,55,55,55,57,58,58,57,55,55.0,45.0,47.0,50.0,58.0,46.0,35.0,45.0,45.0,44.0,45.0,45.0,47.0,48.0,44.0,41.0,41.0,35.0,31.0,41.0,44.0,44.0,36.0,36.0,31.0,21.0,21.0,18.0,0.0,0.0,0.0
34,Latin America & Caribbean,CHL,Chile,DTP1,99,98,99,97,99,92,90,98,93.0,94.0,96.0,98.0,95.0,92.0,94.0,98.0,98.0,99.0,98.0,97.0,97.0,96.0,97.0,97.0,97.0,96.0,96.0,97.0,98.0,98.0,98.0,97.0,96.0,99.0,99.0,96.0,99.0,99.0,97.0
35,East Asia & Pacific,CHN,China,DTP1,99,99,99,99,99,99,99,99,99.0,99.0,99.0,99.0,99.0,95.0,95.0,95.0,95.0,95.0,94.0,94.0,94.0,94.0,94.0,93.0,95.0,96.0,97.0,97.0,98.0,98.0,98.0,91.0,92.0,92.0,90.0,80.0,0.0,0.0,0.0
36,Latin America & Caribbean,COL,Colombia,DTP1,92,94,93,93,91,97,91,95,96.0,97.0,97.0,97.0,97.0,97.0,90.0,94.0,93.0,82.0,91.0,95.0,95.0,94.0,95.0,95.0,95.0,94.0,92.0,94.0,96.0,92.0,90.0,80.0,72.0,82.0,82.0,67.0,51.0,44.0,39.0
37,Eastern & Southern Africa,COM,Comoros,DTP1,96,96,96,96,93,90,91,92,81.0,89.0,85.0,79.0,78.0,77.0,85.0,82.0,96.0,85.0,85.0,73.0,90.0,72.0,82.0,91.0,80.0,88.0,63.0,76.0,97.0,94.0,68.0,88.0,88.0,75.0,56.0,0.0,0.0,0.0,0.0
38,West & Central Africa,COG,Congo,DTP1,79,75,76,85,95,90,90,90,90.0,92.0,93.0,80.0,81.0,73.0,67.0,62.0,50.0,44.0,45.0,46.0,46.0,47.0,62.0,74.0,78.0,82.0,86.0,90.0,92.0,92.0,89.0,89.0,88.0,77.0,77.0,74.0,72.0,67.0,67.0
39,East Asia & Pacific,COK,Cook Islands,DTP1,99,99,99,99,99,98,98,98,99.0,99.0,99.0,99.0,99.0,99.0,99.0,96.0,99.0,97.0,99.0,98.0,98.0,97.0,91.0,97.0,95.0,99.0,95.0,95.0,97.0,96.0,97.0,94.0,95.0,92.0,72.0,80.0,75.0,71.0,65.0
40,Latin America & Caribbean,CRI,Costa Rica,DTP1,95,99,99,93,91,98,92,87,96.0,91.0,90.0,90.0,89.0,97.0,96.0,89.0,98.0,91.0,90.0,92.0,95.0,97.0,95.0,95.0,96.0,96.0,96.0,96.0,98.0,95.0,95.0,97.0,96.0,96.0,97.0,95.0,93.0,95.0,95.0
41,West & Central Africa,CIV,Cote d'Ivoire,DTP1,95,93,96,96,93,89,93,75,95.0,95.0,89.0,93.0,95.0,83.0,73.0,71.0,76.0,81.0,85.0,77.0,74.0,77.0,70.0,64.0,72.0,77.0,73.0,64.0,77.0,67.0,56.0,56.0,55.0,50.0,42.0,0.0,0.0,0.0,0.0
42,Eastern Europe & Central Asia,HRV,Croatia,DTP1,98,98,98,98,98,98,98,97,97.0,97.0,97.0,96.0,96.0,96.0,96.0,98.0,99.0,94.0,95.0,96.0,96.0,97.0,97.0,96.0,95.0,95.0,94.0,0.0,0.0,0.0,0.0,0.0,0.0,0.0,0.0,0.0,0.0,0.0,0.0
43,Latin America & Caribbean,CUB,Cuba,DTP1,99,99,99,99,99,99,99,99,96.0,98.0,96.0,97.0,98.0,99.0,89.0,90.0,99.0,99.0,98.0,95.0,99.0,99.0,96.0,99.0,99.0,99.0,97.0,99.0,97.0,98.0,98.0,95.0,99.0,97.0,95.0,99.0,99.0,87.0,86.0
44,Western Europe,CYP,Cyprus,DTP1,99,98,98,98,99,99,99,99,99.0,99.0,98.0,98.0,98.0,98.0,98.0,98.0,98.0,98.0,98.0,98.0,98.0,98.0,98.0,98.0,98.0,98.0,97.0,97.0,97.0,97.0,96.0,97.0,97.0,82.0,55.0,59.0,51.0,79.0,59.0
45,Western Europe,CZE,Czechia,DTP1,98,98,98,99,99,99,99,99,99.0,99.0,99.0,99.0,99.0,99.0,99.0,99.0,99.0,99.0,99.0,99.0,99.0,99.0,98.0,98.0,98.0,99.0,0.0,0.0,0.0,0.0,0.0,0.0,0.0,0.0,0.0,0.0,0.0,0.0,0.0
46,East Asia & Pacific,PRK,Democratic People's Republic of Korea,DTP1,99,98,97,97,94,94,97,95,94.0,94.0,93.0,93.0,91.0,83.0,75.0,70.0,65.0,63.0,61.0,58.0,56.0,54.0,74.0,84.0,91.0,96.0,96.0,98.0,98.0,98.0,95.0,95.0,82.0,78.0,86.0,76.0,75.0,76.0,74.0
47,West & Central Africa,COD,Democratic Republic of the Congo,DTP1,82,82,80,82,81,79,81,85,71.0,82.0,73.0,78.0,71.0,68.0,66.0,53.0,47.0,49.0,49.0,46.0,44.0,41.0,41.0,47.0,51.0,54.0,47.0,39.0,60.0,63.0,66.0,63.0,57.0,62.0,52.0,39.0,40.0,41.0,0.0
48,Western Europe,DNK,Denmark,DTP1,97,99,97,96,96,97,97,94,93.0,90.0,89.0,87.0,93.0,93.0,95.0,98.0,99.0,97.0,98.0,99.0,99.0,97.0,94.0,97.0,96.0,97.0,98.0,98.0,98.0,98.0,97.0,97.0,97.0,99.0,95.0,96.0,97.0,97.0,97.0
49,Eastern & Southern Africa,DJI,Djibouti,DTP1,91,83,74,90,93,87,85,89,90.0,90.0,90.0,92.0,76.0,73.0,81.0,76.0,72.0,65.0,66.0,63.0,60.0,57.0,66.0,66.0,66.0,66.0,66.0,77.0,95.0,91.0,85.0,50.0,48.0,46.0,45.0,36.0,25.0,0.0,0.0
50,Latin America & Caribbean,DMA,Dominica,DTP1,99,98,99,99,99,98,98,99,99.0,99.0,96.0,98.0,98.0,99.0,99.0,99.0,99.0,99.0,99.0,99.0,99.0,97.0,99.0,99.0,99.0,99.0,99.0,98.0,97.0,97.0,98.0,98.0,97.0,97.0,94.0,97.0,99.0,98.0,84.0
51,Latin America & Caribbean,DOM,Dominican Republic,DTP1,99,99,98,99,95,91,92,91,96.0,85.0,86.0,87.0,93.0,92.0,87.0,88.0,92.0,95.0,91.0,95.0,91.0,86.0,88.0,89.0,90.0,91.0,90.0,88.0,87.0,80.0,80.0,93.0,93.0,64.0,59.0,54.0,53.0,52.0,61.0
52,Latin America & Caribbean,ECU,Ecuador,DTP1,86,95,94,80,84,87,88,89,91.0,98.0,98.0,98.0,96.0,96.0,95.0,95.0,95.0,95.0,94.0,93.0,94.0,93.0,94.0,94.0,94.0,95.0,95.0,81.0,87.0,78.0,77.0,75.0,69.0,66.0,72.0,56.0,60.0,51.0,31.0
53,Middle East & North Africa,EGY,Egypt,DTP1,96,95,96,94,96,97,94,97,97.0,97.0,98.0,98.0,98.0,98.0,98.0,98.0,98.0,99.0,98.0,98.0,97.0,96.0,96.0,96.0,94.0,93.0,92.0,91.0,95.0,96.0,95.0,93.0,93.0,94.0,87.0,80.0,80.0,80.0,80.0
54,Latin America & Caribbean,SLV,El Salvador,DTP1,82,95,97,93,96,97,92,90,90.0,97.0,99.0,99.0,98.0,96.0,96.0,98.0,93.0,97.0,99.0,98.0,99.0,98.0,98.0,99.0,96.0,92.0,82.0,82.0,93.0,84.0,84.0,77.0,74.0,78.0,56.0,45.0,67.0,67.0,69.0
55,West & Central Africa,GNQ,Equatorial Guinea,DTP1,44,44,40,28,59,49,56,59,59.0,60.0,60.0,61.0,61.0,62.0,62.0,63.0,63.0,64.0,64.0,65.0,94.0,94.0,94.0,94.0,94.0,94.0,95.0,96.0,96.0,72.0,42.0,31.0,21.0,21.0,0.0,0.0,0.0,0.0,0.0
56,Eastern & Southern Africa,ERI,Eritrea,DTP1,97,97,97,98,97,97,97,97,98.0,98.0,98.0,98.0,97.0,99.0,99.0,97.0,94.0,91.0,88.0,97.0,90.0,83.0,75.0,68.0,61.0,49.0,0.0,0.0,0.0,0.0,0.0,0.0,0.0,0.0,0.0,0.0,0.0,0.0,0.0
57,Western Europe,EST,Estonia,DTP1,93,94,94,94,95,96,96,96,96.0,97.0,97.0,98.0,98.0,99.0,98.0,99.0,99.0,99.0,96.0,98.0,97.0,96.0,96.0,94.0,92.0,90.0,0.0,0.0,0.0,0.0,0.0,0.0,0.0,0.0,0.0,0.0,0.0,0.0,0.0
58,Eastern & Southern Africa,SWZ,Eswatini,DTP1,96,96,96,96,99,99,97,98,95.0,95.0,96.0,95.0,95.0,95.0,95.0,95.0,95.0,95.0,94.0,94.0,94.0,94.0,94.0,94.0,98.0,96.0,97.0,92.0,96.0,96.0,96.0,95.0,90.0,82.0,74.0,68.0,64.0,55.0,0.0
59,Eastern & Southern Africa,ETH,Ethiopia,DTP1,85,85,85,85,73,67,74,80,77.0,74.0,71.0,67.0,64.0,61.0,58.0,55.0,52.0,50.0,47.0,44.0,61.0,78.0,78.0,80.0,80.0,53.0,35.0,45.0,73.0,51.0,39.0,39.0,27.0,25.0,22.0,22.0,21.0,21.0,0.0
60,East Asia & Pacific,FJI,Fiji,DTP1,99,99,99,99,99,99,99,99,99.0,99.0,99.0,99.0,99.0,99.0,99.0,98.0,98.0,97.0,97.0,96.0,96.0,95.0,98.0,98.0,98.0,98.0,98.0,99.0,98.0,98.0,98.0,96.0,88.0,87.0,91.0,93.0,84.0,88.0,87.0
61,Western Europe,FIN,Finland,DTP1,99,98,99,99,99,99,99,99,99.0,99.0,99.0,99.0,99.0,99.0,98.0,98.0,99.0,99.0,99.0,99.0,99.0,99.0,99.0,99.0,99.0,99.0,99.0,98.0,96.0,96.0,99.0,98.0,98.0,98.0,98.0,97.0,97.0,97.0,97.0
62,Western Europe,FRA,France,DTP1,99,99,99,99,99,99,99,99,99.0,99.0,99.0,99.0,99.0,99.0,99.0,99.0,99.0,99.0,99.0,99.0,99.0,99.0,98.0,98.0,98.0,97.0,97.0,97.0,97.0,98.0,92.0,96.0,98.0,98.0,97.0,96.0,95.0,92.0,92.0
63,West & Central Africa,GAB,Gabon,DTP1,78,81,83,87,77,80,86,82,82.0,81.0,85.0,86.0,69.0,69.0,69.0,69.0,69.0,69.0,69.0,69.0,72.0,75.0,78.0,81.0,85.0,88.0,92.0,94.0,96.0,96.0,86.0,76.0,66.0,56.0,46.0,36.0,0.0,0.0,0.0
64,West & Central Africa,GMB,Gambia,DTP1,94,93,99,99,98,99,99,99,99.0,98.0,96.0,98.0,98.0,95.0,96.0,97.0,96.0,97.0,97.0,97.0,98.0,98.0,99.0,99.0,99.0,99.0,97.0,96.0,98.0,96.0,96.0,95.0,93.0,90.0,91.0,88.0,91.0,87.0,89.0
65,Eastern Europe & Central Asia,GEO,Georgia,DTP1,99,98,97,97,99,99,94,98,99.0,99.0,99.0,99.0,99.0,91.0,88.0,95.0,96.0,97.0,89.0,88.0,87.0,88.0,90.0,91.0,80.0,77.0,80.0,0.0,0.0,0.0,0.0,0.0,0.0,0.0,0.0,0.0,0.0,0.0,0.0
66,Western Europe,DEU,Germany,DTP1,98,98,98,98,98,98,99,99,99.0,99.0,99.0,99.0,99.0,98.0,98.0,97.0,97.0,97.0,96.0,99.0,95.0,95.0,94.0,92.0,90.0,83.0,95.0,93.0,93.0,93.0,93.0,93.0,96.0,93.0,97.0,97.0,98.0,98.0,0.0
67,West & Central Africa,GHA,Ghana,DTP1,97,99,94,97,99,94,92,94,96.0,96.0,96.0,96.0,87.0,88.0,88.0,87.0,84.0,81.0,96.0,86.0,87.0,88.0,88.0,88.0,88.0,86.0,83.0,82.0,80.0,75.0,72.0,67.0,60.0,46.0,42.0,47.0,47.0,46.0,27.0
68,Western Europe,GRC,Greece,DTP1,99,99,99,99,99,99,99,99,99.0,99.0,99.0,99.0,99.0,96.0,96.0,96.0,96.0,96.0,96.0,96.0,96.0,96.0,96.0,96.0,96.0,96.0,96.0,95.0,77.0,77.0,94.0,94.0,93.0,77.0,82.0,89.0,94.0,98.0,89.0
69,Latin America & Caribbean,GRD,Grenada,DTP1,98,98,98,94,97,99,99,98,99.0,99.0,99.0,98.0,97.0,99.0,87.0,99.0,99.0,98.0,99.0,96.0,99.0,98.0,93.0,98.0,97.0,96.0,96.0,95.0,93.0,95.0,85.0,93.0,98.0,82.0,91.0,87.0,79.0,68.0,50.0
70,Latin America & Caribbean,GTM,Guatemala,DTP1,94,88,96,99,89,97,96,94,96.0,94.0,99.0,88.0,95.0,97.0,98.0,96.0,93.0,93.0,94.0,91.0,94.0,90.0,86.0,91.0,88.0,91.0,86.0,84.0,86.0,74.0,72.0,39.0,62.0,45.0,72.0,69.0,70.0,67.0,68.0
71,West & Central Africa,GIN,Guinea,DTP1,63,63,63,63,58,64,70,76,86.0,76.0,64.0,76.0,75.0,75.0,75.0,71.0,68.0,64.0,61.0,57.0,72.0,72.0,72.0,77.0,77.0,77.0,76.0,61.0,40.0,40.0,39.0,37.0,37.0,37.0,37.0,37.0,37.0,0.0,0.0
72,West & Central Africa,GNB,Guinea-Bissau,DTP1,89,89,89,90,92,93,94,92,93.0,94.0,91.0,89.0,86.0,83.0,81.0,79.0,77.0,75.0,73.0,68.0,76.0,83.0,77.0,70.0,90.0,89.0,86.0,84.0,82.0,86.0,95.0,87.0,88.0,57.0,57.0,45.0,0.0,0.0,0.0
73,Latin America & Caribbean,GUY,Guyana,DTP1,99,97,97,96,99,98,99,97,99.0,99.0,94.0,96.0,95.0,93.0,97.0,93.0,96.0,98.0,97.0,97.0,97.0,96.0,94.0,95.0,96.0,97.0,92.0,93.0,94.0,91.0,84.0,86.0,84.0,91.0,88.0,79.0,77.0,70.0,60.0
74,Latin America & Caribbean,HTI,Haiti,DTP1,84,84,84,84,79,82,85,88,87.0,86.0,86.0,85.0,84.0,83.0,81.0,79.0,77.0,75.0,73.0,71.0,69.0,66.0,75.0,75.0,75.0,73.0,72.0,70.0,66.0,74.0,72.0,53.0,48.0,42.0,36.0,29.0,35.0,36.0,21.0
75,Latin America & Caribbean,HND,Honduras,DTP1,94,93,94,99,99,99,98,99,99.0,99.0,97.0,94.0,96.0,99.0,98.0,97.0,98.0,98.0,98.0,98.0,99.0,96.0,97.0,97.0,97.0,97.0,97.0,97.0,94.0,95.0,90.0,80.0,83.0,80.0,66.0,76.0,71.0,59.0,53.0
76,Western Europe,HUN,Hungary,DTP1,99,99,99,99,99,99,99,99,99.0,99.0,99.0,99.0,99.0,99.0,99.0,99.0,99.0,99.0,99.0,99.0,99.0,99.0,99.0,99.0,99.0,99.0,99.0,99.0,99.0,99.0,99.0,99.0,99.0,99.0,99.0,99.0,99.0,99.0,99.0
77,Western Europe,ISL,Iceland,DTP1,97,97,96,96,96,97,97,99,98.0,99.0,99.0,97.0,97.0,95.0,99.0,97.0,96.0,95.0,99.0,99.0,99.0,99.0,99.0,99.0,99.0,99.0,99.0,99.0,99.0,99.0,99.0,99.0,99.0,99.0,99.0,97.0,98.0,99.0,99.0
78,South Asia,IND,India,DTP1,92,92,91,90,90,90,89,89,86.0,84.0,81.0,81.0,81.0,82.0,77.0,76.0,75.0,75.0,74.0,74.0,78.0,82.0,86.0,88.0,86.0,82.0,79.0,80.0,88.0,74.0,65.0,55.0,44.0,41.0,39.0,36.0,33.0,25.0,25.0
79,East Asia & Pacific,IDN,Indonesia,DTP1,85,86,85,85,85,86,87,88,89.0,88.0,88.0,85.0,86.0,85.0,84.0,84.0,83.0,82.0,84.0,86.0,88.0,90.0,89.0,87.0,87.0,86.0,84.0,83.0,82.0,80.0,77.0,74.0,72.0,52.0,35.0,25.0,18.0,18.0,0.0
80,Middle East & North Africa,IRN,Iran (Islamic Republic of),DTP1,99,99,99,99,99,98,99,99,99.0,99.0,99.0,99.0,98.0,97.0,99.0,99.0,99.0,96.0,99.0,99.0,99.0,99.0,99.0,98.0,98.0,99.0,98.0,96.0,97.0,94.0,96.0,80.0,80.0,75.0,58.0,58.0,66.0,54.0,57.0
81,Middle East & North Africa,IRQ,Iraq,DTP1,92,93,87,80,82,86,90,92,86.0,88.0,81.0,68.0,76.0,84.0,86.0,87.0,89.0,90.0,92.0,93.0,79.0,89.0,88.0,86.0,84.0,82.0,86.0,90.0,93.0,97.0,98.0,98.0,98.0,98.0,81.0,39.0,41.0,35.0,36.0
82,Western Europe,IRL,Ireland,DTP1,98,98,98,98,98,98,98,98,98.0,98.0,97.0,97.0,97.0,96.0,96.0,95.0,94.0,94.0,95.0,95.0,94.0,90.0,90.0,90.0,88.0,88.0,87.0,86.0,85.0,85.0,68.0,69.0,69.0,70.0,70.0,67.0,68.0,61.0,59.0
83,Middle East & North Africa,ISR,Israel,DTP1,99,99,94,95,95,96,94,94,95.0,96.0,94.0,95.0,95.0,93.0,95.0,95.0,95.0,95.0,95.0,95.0,95.0,95.0,97.0,98.0,98.0,98.0,98.0,97.0,97.0,97.0,97.0,97.0,97.0,95.0,95.0,96.0,97.0,97.0,94.0
84,Western Europe,ITA,Italy,DTP1,98,98,98,97,98,98,99,98,98.0,98.0,98.0,99.0,98.0,98.0,98.0,98.0,97.0,97.0,95.0,98.0,98.0,98.0,98.0,98.0,98.0,98.0,98.0,98.0,94.0,0.0,0.0,0.0,0.0,0.0,0.0,0.0,0.0,0.0,0.0
85,Latin America & Caribbean,JAM,Jamaica,DTP1,99,95,99,97,97,97,98,94,98.0,91.0,97.0,97.0,96.0,99.0,99.0,98.0,99.0,99.0,97.0,96.0,92.0,96.0,97.0,96.0,97.0,97.0,95.0,95.0,95.0,95.0,94.0,93.0,90.0,82.0,80.0,75.0,59.0,64.0,48.0
86,East Asia & Pacific,JPN,Japan,DTP1,99,99,99,98,98,98,99,99,99.0,99.0,99.0,99.0,99.0,99.0,99.0,99.0,98.0,98.0,88.0,88.0,88.0,88.0,99.0,90.0,93.0,95.0,95.0,97.0,96.0,95.0,95.0,95.0,94.0,94.0,94.0,93.0,93.0,91.0,82.0
87,Middle East & North Africa,JOR,Jordan,DTP1,98,99,99,99,98,99,98,98,98.0,98.0,98.0,99.0,99.0,98.0,96.0,98.0,96.0,99.0,91.0,86.0,99.0,99.0,99.0,99.0,95.0,93.0,97.0,97.0,97.0,97.0,97.0,96.0,96.0,95.0,93.0,91.0,91.0,93.0,55.0
88,Eastern Europe & Central Asia,KAZ,Kazakhstan,DTP1,99,99,93,99,96,99,99,99,99.0,98.0,99.0,97.0,99.0,99.0,85.0,99.0,96.0,96.0,98.0,98.0,99.0,98.0,98.0,97.0,91.0,91.0,93.0,0.0,0.0,0.0,0.0,0.0,0.0,0.0,0.0,0.0,0.0,0.0,0.0
89,Eastern & Southern Africa,KEN,Kenya,DTP1,97,93,96,96,97,95,98,98,93.0,92.0,90.0,89.0,90.0,85.0,87.0,89.0,90.0,84.0,83.0,89.0,93.0,96.0,96.0,96.0,96.0,96.0,96.0,92.0,92.0,92.0,92.0,91.0,89.0,88.0,80.0,0.0,0.0,0.0,0.0
90,East Asia & Pacific,KIR,Kiribati,DTP1,98,94,82,81,83,95,94,99,97.0,90.0,97.0,99.0,98.0,93.0,75.0,78.0,82.0,85.0,95.0,96.0,96.0,97.0,92.0,82.0,88.0,99.0,95.0,88.0,98.0,92.0,84.0,61.0,62.0,62.0,41.0,65.0,77.0,54.0,68.0
91,Middle East & North Africa,KWT,Kuwait,DTP1,99,99,99,99,97,99,99,99,98.0,99.0,99.0,99.0,99.0,99.0,99.0,99.0,99.0,99.0,98.0,97.0,98.0,98.0,99.0,99.0,99.0,98.0,96.0,93.0,88.0,97.0,97.0,97.0,97.0,96.0,96.0,96.0,94.0,92.0,86.0
92,Eastern Europe & Central Asia,KGZ,Kyrgyzstan,DTP1,98,94,97,99,96,98,96,97,99.0,98.0,99.0,98.0,96.0,98.0,99.0,99.0,99.0,99.0,99.0,99.0,98.0,98.0,98.0,97.0,94.0,84.0,94.0,0.0,0.0,0.0,0.0,0.0,0.0,0.0,0.0,0.0,0.0,0.0,0.0
93,East Asia & Pacific,LAO,Lao People's Democratic Republic,DTP1,73,76,72,86,94,89,87,83,81.0,76.0,73.0,59.0,68.0,68.0,66.0,72.0,64.0,59.0,83.0,83.0,82.0,82.0,80.0,77.0,72.0,50.0,47.0,46.0,41.0,45.0,40.0,31.0,24.0,22.0,24.0,27.0,27.0,27.0,0.0
94,Western Europe,LVA,Latvia,DTP1,97,98,99,97,93,96,92,95,99.0,98.0,94.0,98.0,98.0,99.0,99.0,98.0,99.0,99.0,99.0,98.0,99.0,99.0,99.0,99.0,99.0,97.0,95.0,0.0,0.0,0.0,0.0,0.0,0.0,0.0,0.0,0.0,0.0,0.0,0.0
95,Middle East & North Africa,LBN,Lebanon,DTP1,96,96,96,96,96,95,93,91,88.0,86.0,84.0,84.0,84.0,83.0,83.0,83.0,85.0,88.0,90.0,92.0,95.0,97.0,97.0,97.0,97.0,97.0,96.0,95.0,94.0,92.0,84.0,71.0,55.0,40.0,22.0,22.0,22.0,20.0,17.0
96,Eastern & Southern Africa,LSO,Lesotho,DTP1,98,98,98,98,98,98,98,97,97.0,96.0,96.0,96.0,96.0,95.0,95.0,95.0,89.0,83.0,87.0,90.0,92.0,93.0,94.0,95.0,94.0,94.0,93.0,92.0,91.0,91.0,90.0,89.0,91.0,92.0,88.0,83.0,79.0,75.0,75.0
97,West & Central Africa,LBR,Liberia,DTP1,99,99,99,77,74,97,92,86,80.0,90.0,85.0,80.0,75.0,75.0,65.0,69.0,73.0,76.0,80.0,84.0,0.0,0.0,0.0,0.0,0.0,0.0,0.0,0.0,0.0,0.0,0.0,0.0,0.0,0.0,0.0,0.0,0.0,0.0,0.0
98,Middle East & North Africa,LBY,Libya,DTP1,98,99,98,98,96,98,99,99,98.0,98.0,98.0,98.0,98.0,98.0,99.0,99.0,97.0,96.0,97.0,97.0,98.0,98.0,98.0,98.0,98.0,98.0,96.0,95.0,94.0,95.0,94.0,94.0,94.0,93.0,93.0,92.0,89.0,86.0,82.0
99,Western Europe,LTU,Lithuania,DTP1,95,97,97,97,97,97,97,95,98.0,98.0,96.0,99.0,98.0,98.0,94.0,98.0,98.0,98.0,99.0,98.0,97.0,96.0,97.0,96.0,94.0,94.0,92.0,0.0,0.0,0.0,0.0,0.0,0.0,0.0,0.0,0.0,0.0,0.0,0.0
100,Western Europe,LUX,Luxembourg,DTP1,99,99,99,99,99,99,99,99,99.0,99.0,99.0,99.0,99.0,99.0,99.0,99.0,99.0,99.0,99.0,98.0,98.0,98.0,98.0,98.0,98.0,97.0,97.0,97.0,96.0,96.0,96.0,98.0,95.0,91.0,87.0,91.0,0.0,0.0,0.0
101,Eastern & Southern Africa,MDG,Madagascar,DTP1,81,80,84,79,83,80,80,80,78.0,80.0,84.0,92.0,93.0,88.0,82.0,79.0,76.0,75.0,74.0,73.0,73.0,73.0,73.0,80.0,86.0,86.0,85.0,77.0,71.0,70.0,67.0,60.0,55.0,47.0,42.0,47.0,37.0,0.0,0.0
102,Eastern & Southern Africa,MWI,Malawi,DTP1,96,93,89,93,97,96,99,98,97.0,97.0,97.0,96.0,99.0,99.0,99.0,99.0,94.0,99.0,98.0,98.0,98.0,98.0,96.0,96.0,94.0,97.0,95.0,95.0,95.0,95.0,94.0,92.0,80.0,78.0,80.0,84.0,84.0,86.0,80.0
103,East Asia & Pacific,MYS,Malaysia,DTP1,99,99,98,99,99,99,99,98,98.0,99.0,99.0,99.0,98.0,98.0,98.0,98.0,98.0,98.0,99.0,99.0,99.0,98.0,98.0,98.0,95.0,91.0,92.0,93.0,95.0,92.0,76.0,78.0,73.0,68.0,67.0,71.0,90.0,86.0,86.0
104,South Asia,MDV,Maldives,DTP1,99,99,99,99,99,99,99,97,97.0,99.0,99.0,99.0,98.0,99.0,98.0,98.0,98.0,99.0,98.0,99.0,98.0,98.0,98.0,99.0,98.0,93.0,99.0,98.0,97.0,97.0,95.0,67.0,67.0,53.0,48.0,35.0,18.0,18.0,22.0
105,West & Central Africa,MLI,Mali,DTP1,82,80,78,75,73,69,75,80,81.0,82.0,85.0,89.0,91.0,96.0,94.0,91.0,87.0,78.0,61.0,67.0,73.0,79.0,77.0,73.0,64.0,71.0,63.0,59.0,67.0,51.0,41.0,28.0,28.0,28.0,0.0,0.0,0.0,0.0,0.0
106,Western Europe,MLT,Malta,DTP1,99,98,97,98,99,99,99,99,97.0,91.0,88.0,84.0,85.0,94.0,92.0,96.0,95.0,98.0,97.0,97.0,97.0,97.0,97.0,97.0,96.0,94.0,94.0,95.0,84.0,72.0,95.0,95.0,95.0,62.0,74.0,0.0,0.0,0.0,0.0
107,East Asia & Pacific,MHL,Marshall Islands,DTP1,97,97,87,95,97,97,97,99,99.0,99.0,99.0,99.0,90.0,89.0,71.0,90.0,90.0,99.0,64.0,85.0,95.0,92.0,92.0,88.0,86.0,79.0,94.0,88.0,97.0,97.0,97.0,0.0,0.0,0.0,0.0,0.0,0.0,0.0,0.0
108,West & Central Africa,MRT,Mauritania,DTP1,89,89,86,87,95,95,95,91,82.0,79.0,88.0,92.0,85.0,85.0,83.0,91.0,96.0,76.0,73.0,70.0,56.0,69.0,89.0,93.0,88.0,82.0,76.0,65.0,69.0,63.0,62.0,55.0,57.0,52.0,45.0,44.0,44.0,41.0,0.0
109,Eastern & Southern Africa,MUS,Mauritius,DTP1,98,96,97,98,97,99,99,99,99.0,99.0,99.0,97.0,99.0,99.0,98.0,99.0,96.0,92.0,88.0,91.0,93.0,96.0,96.0,97.0,96.0,96.0,96.0,97.0,95.0,95.0,95.0,94.0,95.0,96.0,95.0,96.0,97.0,94.0,96.0
110,Latin America & Caribbean,MEX,Mexico,DTP1,90,93,96,99,95,90,99,99,96.0,98.0,98.0,99.0,99.0,99.0,99.0,99.0,99.0,99.0,99.0,99.0,98.0,98.0,98.0,97.0,97.0,94.0,96.0,96.0,77.0,85.0,82.0,83.0,75.0,65.0,76.0,66.0,65.0,68.0,69.0
111,East Asia & Pacific,FSM,Micronesia (Federated States of),DTP1,97,97,95,95,97,98,97,96,90.0,97.0,87.0,86.0,83.0,98.0,81.0,97.0,87.0,90.0,92.0,92.0,91.0,91.0,92.0,94.0,93.0,92.0,97.0,92.0,95.0,98.0,95.0,80.0,0.0,0.0,0.0,0.0,0.0,0.0,0.0
112,Western Europe,MCO,Monaco,DTP1,99,99,99,99,99,99,99,99,99.0,99.0,99.0,99.0,99.0,99.0,99.0,99.0,99.0,99.0,99.0,99.0,99.0,99.0,99.0,99.0,99.0,99.0,98.0,98.0,99.0,99.0,99.0,0.0,0.0,0.0,0.0,0.0,0.0,0.0,0.0
113,East Asia & Pacific,MNG,Mongolia,DTP1,99,99,99,99,99,98,99,99,98.0,95.0,98.0,95.0,99.0,99.0,99.0,98.0,99.0,95.0,95.0,95.0,96.0,97.0,96.0,96.0,92.0,93.0,93.0,93.0,94.0,94.0,94.0,93.0,93.0,93.0,91.0,92.0,92.0,92.0,91.0
114,Eastern Europe & Central Asia,MNE,Montenegro,DTP1,95,95,97,96,97,98,98,98,97.0,96.0,98.0,98.0,95.0,0.0,0.0,0.0,0.0,0.0,0.0,0.0,0.0,0.0,0.0,0.0,0.0,0.0,0.0,0.0,0.0,0.0,0.0,0.0,0.0,0.0,0.0,0.0,0.0,0.0,0.0
115,Middle East & North Africa,MAR,Morocco,DTP1,99,99,99,99,99,99,99,99,99.0,99.0,99.0,98.0,99.0,99.0,99.0,94.0,98.0,97.0,98.0,93.0,99.0,99.0,91.0,94.0,92.0,90.0,95.0,93.0,93.0,93.0,94.0,95.0,84.0,75.0,70.0,66.0,57.0,0.0,0.0
116,Eastern & Southern Africa,MOZ,Mozambique,DTP1,90,90,90,90,92,93,91,91,91.0,89.0,87.0,85.0,86.0,87.0,88.0,89.0,88.0,86.0,84.0,82.0,80.0,78.0,76.0,75.0,74.0,73.0,74.0,71.0,71.0,72.0,63.0,64.0,57.0,54.0,57.0,63.0,68.0,79.0,0.0
117,East Asia & Pacific,MMR,Myanmar,DTP1,95,94,94,94,92,90,89,88,93.0,93.0,88.0,89.0,86.0,76.0,86.0,80.0,81.0,81.0,87.0,87.0,92.0,96.0,96.0,94.0,91.0,96.0,95.0,94.0,96.0,74.0,53.0,47.0,44.0,39.0,33.0,32.0,29.0,24.0,22.0
118,Eastern & Southern Africa,NAM,Namibia,DTP1,94,94,90,98,92,94,89,88,87.0,87.0,88.0,88.0,91.0,93.0,88.0,87.0,86.0,88.0,90.0,90.0,88.0,86.0,88.0,90.0,92.0,90.0,88.0,87.0,0.0,0.0,0.0,0.0,0.0,0.0,0.0,0.0,0.0,0.0,0.0
119,East Asia & Pacific,NRU,Nauru,DTP1,99,99,99,98,99,99,98,99,99.0,99.0,99.0,99.0,98.0,90.0,93.0,97.0,99.0,98.0,85.0,81.0,78.0,74.0,77.0,79.0,82.0,84.0,86.0,88.0,90.0,91.0,86.0,78.0,82.0,86.0,86.0,0.0,0.0,0.0,0.0
120,South Asia,NPL,Nepal,DTP1,96,95,92,94,94,94,90,96,85.0,94.0,84.0,85.0,93.0,81.0,88.0,82.0,84.0,84.0,84.0,91.0,92.0,92.0,85.0,77.0,77.0,75.0,73.0,71.0,68.0,69.0,70.0,71.0,63.0,57.0,52.0,47.0,41.0,39.0,28.0
121,Western Europe,NLD,Netherlands,DTP1,97,98,98,98,98,99,99,99,99.0,99.0,99.0,99.0,98.0,98.0,99.0,99.0,99.0,99.0,99.0,99.0,99.0,99.0,98.0,98.0,98.0,98.0,98.0,98.0,98.0,98.0,98.0,98.0,98.0,98.0,98.0,98.0,98.0,98.0,98.0
122,East Asia & Pacific,NZL,New Zealand,DTP1,95,95,92,93,93,93,94,95,95.0,94.0,91.0,91.0,92.0,92.0,91.0,91.0,90.0,96.0,96.0,91.0,93.0,95.0,96.0,96.0,94.0,94.0,93.0,93.0,96.0,93.0,87.0,86.0,88.0,89.0,94.0,90.0,90.0,89.0,91.0
123,Latin America & Caribbean,NIC,Nicaragua,DTP1,99,99,99,99,99,99,99,99,99.0,99.0,99.0,94.0,94.0,92.0,80.0,86.0,88.0,92.0,97.0,96.0,94.0,93.0,93.0,93.0,93.0,93.0,93.0,91.0,88.0,87.0,72.0,75.0,70.0,64.0,58.0,48.0,52.0,47.0,39.0
124,West & Central Africa,NER,Niger,DTP1,91,95,92,93,95,89,87,86,83.0,81.0,76.0,68.0,63.0,58.0,56.0,53.0,51.0,48.0,46.0,43.0,44.0,45.0,44.0,42.0,41.0,39.0,38.0,36.0,46.0,35.0,29.0,27.0,24.0,22.0,24.0,24.0,25.0,25.0,0.0
125,West & Central Africa,NGA,Nigeria,DTP1,70,70,70,55,48,50,51,56,60.0,73.0,63.0,52.0,49.0,48.0,46.0,45.0,43.0,42.0,42.0,41.0,48.0,70.0,51.0,59.0,69.0,54.0,68.0,64.0,79.0,72.0,61.0,54.0,46.0,39.0,29.0,0.0,0.0,0.0,0.0
126,East Asia & Pacific,NIU,Niue,DTP1,99,99,99,99,99,99,99,99,99.0,99.0,99.0,99.0,99.0,95.0,99.0,99.0,99.0,99.0,99.0,99.0,99.0,99.0,99.0,99.0,99.0,99.0,99.0,99.0,99.0,99.0,99.0,99.0,93.0,83.0,68.0,56.0,44.0,28.0,27.0
127,Western Europe,NOR,Norway,DTP1,99,99,99,99,99,99,99,99,99.0,99.0,99.0,99.0,99.0,99.0,99.0,99.0,99.0,99.0,99.0,99.0,99.0,99.0,98.0,98.0,97.0,97.0,98.0,98.0,95.0,94.0,94.0,93.0,94.0,95.0,96.0,96.0,0.0,0.0,0.0
128,Middle East & North Africa,OMN,Oman,DTP1,99,99,99,99,99,99,99,99,99.0,99.0,99.0,99.0,98.0,99.0,99.0,99.0,99.0,99.0,99.0,99.0,99.0,99.0,99.0,99.0,98.0,98.0,99.0,98.0,98.0,98.0,96.0,96.0,94.0,82.0,70.0,56.0,48.0,42.0,41.0
129,South Asia,PAK,Pakistan,DTP1,83,83,82,82,80,78,78,77,67.0,67.0,69.0,70.0,72.0,73.0,75.0,74.0,72.0,71.0,69.0,68.0,66.0,65.0,62.0,73.0,64.0,62.0,67.0,74.0,77.0,65.0,63.0,61.0,59.0,55.0,47.0,37.0,24.0,21.0,20.0
130,East Asia & Pacific,PLW,Palau,DTP1,99,99,99,99,99,99,99,99,99.0,99.0,99.0,99.0,98.0,98.0,99.0,99.0,99.0,98.0,98.0,96.0,96.0,97.0,98.0,99.0,86.0,96.0,97.0,98.0,99.0,92.0,99.0,93.0,98.0,0.0,0.0,0.0,0.0,0.0,0.0
131,Latin America & Caribbean,PAN,Panama,DTP1,96,96,96,96,96,93,99,98,96.0,95.0,93.0,97.0,96.0,95.0,98.0,99.0,99.0,99.0,99.0,96.0,99.0,98.0,97.0,95.0,94.0,94.0,91.0,94.0,95.0,88.0,91.0,89.0,88.0,90.0,81.0,82.0,82.0,92.0,72.0
132,East Asia & Pacific,PNG,Papua New Guinea,DTP1,67,69,87,83,87,88,85,83,80.0,80.0,70.0,76.0,85.0,80.0,81.0,88.0,81.0,77.0,84.0,82.0,85.0,87.0,80.0,97.0,91.0,93.0,82.0,93.0,97.0,77.0,72.0,69.0,69.0,65.0,59.0,52.0,54.0,57.0,57.0
133,Latin America & Caribbean,PRY,Paraguay,DTP1,91,95,94,96,95,97,94,95,95.0,94.0,96.0,99.0,99.0,97.0,94.0,95.0,95.0,96.0,95.0,85.0,88.0,91.0,89.0,87.0,88.0,86.0,90.0,86.0,86.0,82.0,79.0,80.0,77.0,80.0,86.0,70.0,59.0,53.0,40.0
134,Latin America & Caribbean,PER,Peru,DTP1,90,90,94,97,98,97,99,94,97.0,97.0,97.0,93.0,96.0,94.0,93.0,98.0,98.0,91.0,99.0,99.0,94.0,96.0,97.0,96.0,95.0,95.0,94.0,88.0,89.0,80.0,82.0,68.0,74.0,72.0,53.0,47.0,47.0,44.0,39.0
135,East Asia & Pacific,PHL,Philippines,DTP1,66,72,87,69,78,93,91,92,81.0,89.0,94.0,90.0,90.0,91.0,92.0,86.0,84.0,92.0,92.0,91.0,91.0,90.0,82.0,76.0,81.0,86.0,91.0,96.0,96.0,95.0,92.0,90.0,86.0,81.0,80.0,78.0,77.0,77.0,72.0
136,Western Europe,POL,Poland,DTP1,98,98,99,99,99,99,99,99,99.0,99.0,99.0,99.0,99.0,99.0,99.0,99.0,99.0,99.0,99.0,99.0,99.0,99.0,98.0,98.0,98.0,98.0,98.0,98.0,98.0,98.0,98.0,98.0,98.0,97.0,98.0,98.0,98.0,98.0,98.0
137,Western Europe,PRT,Portugal,DTP1,99,99,99,99,99,99,99,97,99.0,97.0,99.0,99.0,99.0,94.0,98.0,99.0,98.0,99.0,99.0,98.0,98.0,97.0,98.0,97.0,98.0,97.0,97.0,98.0,96.0,96.0,93.0,94.0,93.0,89.0,92.0,92.0,92.0,91.0,90.0
138,Middle East & North Africa,QAT,Qatar,DTP1,99,98,99,99,99,99,95,94,98.0,99.0,97.0,96.0,99.0,99.0,99.0,96.0,96.0,95.0,92.0,94.0,95.0,97.0,97.0,97.0,97.0,96.0,96.0,95.0,94.0,93.0,87.0,89.0,89.0,88.0,82.0,73.0,62.0,68.0,82.0
139,East Asia & Pacific,KOR,Republic of Korea,DTP1,98,98,98,98,99,99,99,99,96.0,96.0,95.0,95.0,98.0,98.0,95.0,97.0,97.0,97.0,97.0,96.0,94.0,93.0,96.0,99.0,97.0,96.0,94.0,92.0,90.0,96.0,80.0,80.0,91.0,91.0,91.0,87.0,82.0,82.0,0.0
140,Eastern Europe & Central Asia,MDA,Republic of Moldova,DTP1,96,91,94,88,94,96,97,96,93.0,88.0,96.0,95.0,97.0,98.0,99.0,99.0,99.0,97.0,98.0,99.0,99.0,98.0,98.0,98.0,95.0,88.0,94.0,0.0,0.0,0.0,0.0,0.0,0.0,0.0,0.0,0.0,0.0,0.0,0.0
141,Eastern Europe & Central Asia,MKD,Republic of North Macedonia,DTP1,97,97,97,98,98,99,98,97,97.0,96.0,96.0,95.0,95.0,99.0,96.0,99.0,99.0,95.0,98.0,98.0,98.0,98.0,97.0,98.0,96.0,96.0,0.0,0.0,0.0,0.0,0.0,0.0,0.0,0.0,0.0,0.0,0.0,0.0,0.0
142,Eastern Europe & Central Asia,ROU,Romania,DTP1,94,94,94,95,95,95,95,96,96.0,96.0,96.0,97.0,97.0,97.0,97.0,98.0,98.0,99.0,99.0,99.0,99.0,99.0,98.0,98.0,98.0,97.0,98.0,98.0,98.0,98.0,98.0,97.0,96.0,98.0,0.0,0.0,0.0,0.0,0.0
143,Eastern Europe & Central Asia,RUS,Russian Federation,DTP1,97,97,97,97,97,97,97,97,97.0,99.0,99.0,99.0,99.0,99.0,97.0,97.0,97.0,97.0,97.0,97.0,96.0,96.0,94.0,92.0,96.0,92.0,89.0,0.0,0.0,0.0,0.0,0.0,0.0,0.0,0.0,0.0,0.0,0.0,0.0
144,Eastern & Southern Africa,RWA,Rwanda,DTP1,98,99,99,99,99,99,99,98,98.0,98.0,97.0,99.0,99.0,95.0,94.0,97.0,95.0,94.0,93.0,93.0,92.0,90.0,96.0,94.0,47.0,94.0,95.0,97.0,94.0,94.0,93.0,96.0,95.0,74.0,78.0,81.0,63.0,40.0,0.0
145,Latin America & Caribbean,KNA,Saint Kitts and Nevis,DTP1,99,99,99,96,99,99,99,99,98.0,99.0,99.0,99.0,99.0,99.0,98.0,98.0,99.0,99.0,99.0,99.0,99.0,99.0,99.0,99.0,99.0,99.0,99.0,99.0,99.0,99.0,97.0,98.0,99.0,97.0,98.0,96.0,97.0,86.0,79.0
146,Latin America & Caribbean,LCA,Saint Lucia,DTP1,99,89,95,99,99,99,99,99,98.0,99.0,99.0,99.0,94.0,99.0,99.0,90.0,99.0,99.0,76.0,96.0,91.0,98.0,96.0,98.0,97.0,98.0,98.0,98.0,96.0,97.0,92.0,95.0,92.0,95.0,94.0,93.0,92.0,84.0,79.0
147,Latin America & Caribbean,VCT,Saint Vincent and the Grenadines,DTP1,99,99,99,99,99,99,98,98,99.0,99.0,99.0,99.0,99.0,99.0,99.0,99.0,99.0,99.0,99.0,98.0,99.0,99.0,99.0,98.0,99.0,99.0,99.0,99.0,98.0,98.0,98.0,98.0,98.0,96.0,95.0,93.0,86.0,57.0,51.0
148,East Asia & Pacific,WSM,Samoa,DTP1,56,84,95,89,88,89,88,91,91.0,86.0,48.0,85.0,80.0,87.0,91.0,96.0,99.0,99.0,99.0,97.0,99.0,98.0,98.0,97.0,97.0,97.0,97.0,92.0,96.0,86.0,96.0,97.0,97.0,96.0,98.0,96.0,95.0,86.0,54.0
149,Western Europe,SMR,San Marino,DTP1,94,88,93,87,87,88,91,94,91.0,91.0,91.0,92.0,93.0,97.0,96.0,97.0,98.0,98.0,98.0,99.0,99.0,99.0,99.0,99.0,96.0,99.0,99.0,99.0,99.0,99.0,99.0,99.0,99.0,99.0,99.0,99.0,0.0,0.0,0.0
150,West & Central Africa,STP,Sao Tome and Principe,DTP1,97,96,97,98,98,99,98,98,98.0,99.0,99.0,99.0,99.0,99.0,99.0,98.0,94.0,97.0,89.0,90.0,89.0,90.0,87.0,92.0,94.0,82.0,87.0,95.0,97.0,84.0,91.0,89.0,85.0,72.0,73.0,51.0,59.0,67.0,0.0
151,Middle East & North Africa,SAU,Saudi Arabia,DTP1,96,99,98,98,99,98,98,99,98.0,98.0,98.0,97.0,97.0,97.0,96.0,96.0,97.0,99.0,95.0,94.0,95.0,94.0,97.0,98.0,98.0,97.0,97.0,97.0,97.0,98.0,96.0,96.0,95.0,93.0,91.0,86.0,83.0,77.0,66.0
152,West & Central Africa,SEN,Senegal,DTP1,83,97,96,94,94,96,96,97,96.0,94.0,94.0,97.0,99.0,97.0,95.0,81.0,70.0,79.0,79.0,78.0,79.0,81.0,88.0,93.0,80.0,80.0,77.0,75.0,75.0,72.0,81.0,80.0,77.0,0.0,0.0,0.0,0.0,0.0,0.0
153,Eastern Europe & Central Asia,SRB,Serbia,DTP1,98,98,97,98,97,98,97,98,97.0,98.0,98.0,98.0,97.0,99.0,91.0,91.0,98.0,95.0,97.0,97.0,97.0,97.0,97.0,96.0,95.0,95.0,94.0,0.0,0.0,0.0,0.0,0.0,0.0,0.0,0.0,0.0,0.0,0.0,0.0
154,Eastern & Southern Africa,SYC,Seychelles,DTP1,99,98,98,99,99,99,98,99,99.0,99.0,99.0,99.0,99.0,99.0,99.0,99.0,99.0,99.0,99.0,99.0,99.0,98.0,99.0,98.0,98.0,98.0,98.0,98.0,99.0,98.0,97.0,96.0,97.0,95.0,98.0,98.0,78.0,35.0,0.0
155,West & Central Africa,SLE,Sierra Leone,DTP1,98,98,97,95,88,98,98,97,95.0,94.0,84.0,77.0,79.0,80.0,82.0,90.0,89.0,58.0,64.0,68.0,0.0,0.0,0.0,0.0,0.0,0.0,0.0,0.0,0.0,0.0,0.0,0.0,0.0,0.0,0.0,0.0,0.0,0.0,0.0
156,East Asia & Pacific,SGP,Singapore,DTP1,98,98,98,98,98,98,98,97,98.0,98.0,98.0,98.0,96.0,96.0,96.0,96.0,98.0,98.0,98.0,98.0,98.0,98.0,94.0,98.0,95.0,97.0,96.0,97.0,95.0,96.0,96.0,98.0,97.0,92.0,91.0,94.0,94.0,95.0,94.0
157,Western Europe,SVK,Slovakia,DTP1,99,99,99,99,99,99,99,99,99.0,99.0,99.0,99.0,99.0,99.0,99.0,99.0,99.0,99.0,99.0,99.0,99.0,99.0,99.0,99.0,99.0,0.0,0.0,0.0,0.0,0.0,0.0,0.0,0.0,0.0,0.0,0.0,0.0,0.0,0.0
158,Western Europe,SVN,Slovenia,DTP1,97,98,98,98,98,98,98,98,98.0,98.0,99.0,99.0,99.0,98.0,98.0,98.0,96.0,96.0,96.0,96.0,97.0,97.0,98.0,98.0,98.0,98.0,98.0,0.0,0.0,0.0,0.0,0.0,0.0,0.0,0.0,0.0,0.0,0.0,0.0
159,East Asia & Pacific,SLB,Solomon Islands,DTP1,86,87,99,93,83,88,96,97,90.0,88.0,85.0,93.0,99.0,93.0,91.0,86.0,82.0,84.0,95.0,96.0,88.0,89.0,89.0,87.0,87.0,85.0,88.0,91.0,91.0,86.0,87.0,86.0,67.0,63.0,70.0,52.0,47.0,60.0,71.0
160,Eastern & Southern Africa,SOM,Somalia,DTP1,52,52,52,52,52,52,52,52,55.0,52.0,40.0,59.0,40.0,50.0,50.0,65.0,60.0,57.0,57.0,59.0,51.0,42.0,45.0,46.0,47.0,46.0,45.0,44.0,42.0,41.0,51.0,50.0,40.0,46.0,31.0,24.0,24.0,20.0,0.0
161,Eastern & Southern Africa,ZAF,South Africa,DTP1,81,82,86,91,88,81,72,80,80.0,81.0,93.0,95.0,94.0,83.0,80.0,77.0,80.0,82.0,85.0,88.0,90.0,93.0,90.0,89.0,90.0,93.0,92.0,93.0,89.0,88.0,88.0,89.0,88.0,91.0,91.0,90.0,0.0,0.0,0.0
162,Eastern & Southern Africa,SSD,South Sudan,DTP1,58,58,58,55,62,67,76,79,0.0,0.0,0.0,0.0,0.0,0.0,0.0,0.0,0.0,0.0,0.0,0.0,0.0,0.0,0.0,0.0,0.0,0.0,0.0,0.0,0.0,0.0,0.0,0.0,0.0,0.0,0.0,0.0,0.0,0.0,0.0
163,Western Europe,ESP,Spain,DTP1,97,98,98,98,98,98,98,98,98.0,98.0,98.0,98.0,98.0,98.0,98.0,98.0,98.0,98.0,98.0,98.0,98.0,98.0,96.0,96.0,96.0,95.0,94.0,95.0,95.0,97.0,97.0,91.0,96.0,92.0,98.0,0.0,0.0,0.0,0.0
164,South Asia,LKA,Sri Lanka,DTP1,99,99,99,99,99,99,99,99,99.0,97.0,99.0,99.0,99.0,99.0,98.0,99.0,99.0,99.0,99.0,99.0,97.0,98.0,97.0,97.0,96.0,96.0,96.0,95.0,95.0,95.0,94.0,91.0,91.0,88.0,86.0,84.0,80.0,70.0,71.0
165,Middle East & North Africa,PSE,State of Palestine,DTP1,99,99,99,99,99,99,98,99,99.0,99.0,99.0,99.0,99.0,99.0,99.0,99.0,99.0,97.0,95.0,96.0,99.0,98.0,98.0,99.0,98.0,97.0,0.0,0.0,0.0,0.0,0.0,0.0,0.0,0.0,0.0,0.0,0.0,0.0,0.0
166,Eastern & Southern Africa,SDN,Sudan,DTP1,97,98,97,97,98,97,97,97,99.0,92.0,96.0,95.0,91.0,88.0,82.0,83.0,75.0,79.0,75.0,66.0,71.0,78.0,79.0,72.0,71.0,75.0,77.0,83.0,83.0,82.0,65.0,52.0,36.0,28.0,22.0,21.0,20.0,18.0,18.0
167,Latin America & Caribbean,SUR,Suriname,DTP1,95,90,92,90,91,91,94,90,99.0,91.0,95.0,96.0,94.0,93.0,92.0,81.0,86.0,90.0,90.0,90.0,93.0,95.0,93.0,94.0,90.0,91.0,90.0,91.0,94.0,89.0,84.0,88.0,93.0,94.0,93.0,95.0,82.0,52.0,50.0
168,Western Europe,SWE,Sweden,DTP1,99,99,99,99,99,99,99,99,99.0,99.0,99.0,99.0,99.0,99.0,99.0,99.0,99.0,99.0,99.0,99.0,99.0,99.0,99.0,99.0,99.0,99.0,99.0,99.0,99.0,99.0,99.0,99.0,99.0,99.0,99.0,99.0,99.0,99.0,99.0
169,Western Europe,CHE,Switzerland,DTP1,97,98,98,97,97,96,96,98,95.0,95.0,95.0,95.0,95.0,95.0,95.0,95.0,95.0,95.0,95.0,95.0,93.0,93.0,93.0,93.0,93.0,93.0,93.0,93.0,96.0,96.0,96.0,96.0,96.0,0.0,0.0,0.0,0.0,0.0,0.0
170,Middle East & North Africa,SYR,Syrian Arab Republic,DTP1,67,63,61,62,65,55,68,86,89.0,89.0,88.0,88.0,88.0,88.0,89.0,90.0,92.0,90.0,90.0,93.0,94.0,95.0,96.0,96.0,97.0,98.0,95.0,95.0,93.0,99.0,83.0,71.0,90.0,54.0,50.0,45.0,37.0,36.0,35.0
171,Eastern Europe & Central Asia,TJK,Tajikistan,DTP1,98,98,98,97,98,98,96,98,95.0,96.0,92.0,88.0,92.0,92.0,93.0,92.0,92.0,89.0,88.0,88.0,87.0,85.0,80.0,86.0,93.0,84.0,89.0,0.0,0.0,0.0,0.0,0.0,0.0,0.0,0.0,0.0,0.0,0.0,0.0
172,East Asia & Pacific,THA,Thailand,DTP1,99,99,99,99,99,99,99,99,99.0,99.0,99.0,99.0,99.0,99.0,99.0,99.0,98.0,98.0,98.0,99.0,98.0,98.0,97.0,98.0,97.0,96.0,95.0,96.0,97.0,96.0,93.0,91.0,86.0,83.0,77.0,73.0,73.0,76.0,73.0
173,East Asia & Pacific,TLS,Timor-Leste,DTP1,92,92,86,80,81,87,84,70,76.0,77.0,85.0,76.0,71.0,64.0,65.0,65.0,68.0,0.0,0.0,0.0,0.0,0.0,0.0,0.0,0.0,0.0,0.0,0.0,0.0,0.0,0.0,0.0,0.0,0.0,0.0,0.0,0.0,0.0,0.0
174,West & Central Africa,TGO,Togo,DTP1,92,92,93,92,91,94,94,94,97.0,93.0,92.0,94.0,91.0,91.0,83.0,83.0,75.0,63.0,80.0,81.0,74.0,67.0,70.0,74.0,77.0,80.0,83.0,87.0,90.0,93.0,84.0,92.0,59.0,48.0,32.0,41.0,36.0,29.0,0.0
175,East Asia & Pacific,TON,Tonga,DTP1,86,86,83,86,86,86,81,86,86.0,87.0,90.0,91.0,92.0,94.0,95.0,96.0,94.0,99.0,99.0,99.0,98.0,98.0,99.0,98.0,96.0,98.0,99.0,96.0,97.0,97.0,97.0,99.0,91.0,97.0,75.0,84.0,76.0,62.0,65.0
176,Latin America & Caribbean,TTO,Trinidad and Tobago,DTP1,99,96,97,98,93,94,97,96,96.0,95.0,91.0,90.0,93.0,98.0,98.0,93.0,98.0,91.0,90.0,92.0,94.0,96.0,96.0,96.0,95.0,93.0,95.0,94.0,94.0,91.0,94.0,92.0,88.0,91.0,85.0,82.0,77.0,83.0,51.0
177,Middle East & North Africa,TUN,Tunisia,DTP1,98,99,99,98,98,99,99,98,98.0,99.0,99.0,99.0,99.0,98.0,97.0,96.0,96.0,99.0,99.0,99.0,97.0,98.0,98.0,97.0,97.0,97.0,98.0,97.0,97.0,97.0,97.0,94.0,89.0,88.0,86.0,83.0,0.0,0.0,0.0
178,Eastern Europe & Central Asia,TUR,Turkey,DTP1,99,98,99,98,97,99,97,98,98.0,97.0,97.0,98.0,92.0,92.0,86.0,76.0,82.0,95.0,92.0,92.0,93.0,92.0,89.0,86.0,95.0,91.0,91.0,89.0,94.0,92.0,95.0,95.0,70.0,78.0,79.0,79.0,80.0,84.0,67.0
179,Eastern Europe & Central Asia,TKM,Turkmenistan,DTP1,99,99,99,99,99,99,98,98,99.0,98.0,98.0,99.0,99.0,99.0,98.0,96.0,99.0,96.0,97.0,99.0,99.0,98.0,98.0,97.0,96.0,90.0,94.0,0.0,0.0,0.0,0.0,0.0,0.0,0.0,0.0,0.0,0.0,0.0,0.0
180,East Asia & Pacific,TUV,Tuvalu,DTP1,99,99,99,99,99,99,99,99,99.0,97.0,99.0,99.0,99.0,99.0,99.0,99.0,99.0,99.0,93.0,84.0,98.0,91.0,98.0,95.0,99.0,94.0,88.0,90.0,99.0,95.0,96.0,81.0,90.0,76.0,62.0,92.0,89.0,73.0,61.0
181,Eastern & Southern Africa,UGA,Uganda,DTP1,99,99,99,97,93,92,92,91,87.0,96.0,87.0,93.0,85.0,90.0,88.0,86.0,84.0,82.0,80.0,78.0,79.0,79.0,80.0,81.0,82.0,80.0,77.0,75.0,72.0,70.0,67.0,55.0,45.0,36.0,36.0,36.0,33.0,29.0,0.0
182,Eastern Europe & Central Asia,UKR,Ukraine,DTP1,65,65,42,59,59,76,76,50,52.0,71.0,90.0,99.0,99.0,99.0,99.0,99.0,99.0,99.0,99.0,99.0,98.0,99.0,99.0,98.0,98.0,97.0,96.0,0.0,0.0,0.0,0.0,0.0,0.0,0.0,0.0,0.0,0.0,0.0,0.0
183,Middle East & North Africa,ARE,United Arab Emirates,DTP1,99,97,99,99,99,98,96,95,94.0,95.0,96.0,97.0,97.0,97.0,96.0,96.0,96.0,96.0,96.0,96.0,97.0,97.0,96.0,96.0,96.0,96.0,95.0,95.0,95.0,94.0,94.0,93.0,92.0,91.0,81.0,74.0,68.0,70.0,32.0
184,Western Europe,GBR,United Kingdom,DTP1,98,98,98,98,98,98,98,98,98.0,97.0,97.0,97.0,97.0,97.0,97.0,97.0,97.0,97.0,97.0,97.0,97.0,97.0,97.0,97.0,97.0,97.0,97.0,96.0,94.0,92.0,91.0,90.0,86.0,85.0,85.0,81.0,77.0,71.0,66.0
185,Eastern & Southern Africa,TZA,United Republic of Tanzania,DTP1,99,99,99,99,99,99,99,96,98.0,90.0,88.0,89.0,94.0,95.0,99.0,99.0,96.0,95.0,92.0,90.0,96.0,92.0,94.0,93.0,94.0,94.0,94.0,93.0,92.0,91.0,95.0,92.0,90.0,86.0,80.0,76.0,74.0,78.0,81.0
186,North America,USA,United States,DTP1,97,98,98,98,98,98,97,98,98.0,98.0,99.0,99.0,99.0,99.0,99.0,99.0,97.0,98.0,99.0,99.0,98.0,98.0,98.0,98.0,97.0,96.0,94.0,95.0,96.0,97.0,98.0,98.0,98.0,98.0,98.0,98.0,98.0,98.0,98.0
187,Latin America & Caribbean,URY,Uruguay,DTP1,96,97,97,99,99,98,98,99,98.0,99.0,98.0,98.0,99.0,99.0,98.0,98.0,99.0,99.0,92.0,94.0,95.0,97.0,97.0,97.0,97.0,97.0,97.0,98.0,98.0,96.0,94.0,95.0,88.0,84.0,83.0,90.0,86.0,80.0,77.0
188,Eastern Europe & Central Asia,UZB,Uzbekistan,DTP1,99,99,99,99,99,99,99,99,99.0,99.0,99.0,98.0,96.0,99.0,99.0,99.0,99.0,99.0,99.0,99.0,99.0,98.0,98.0,96.0,86.0,83.0,94.0,0.0,0.0,0.0,0.0,0.0,0.0,0.0,0.0,0.0,0.0,0.0,0.0
189,East Asia & Pacific,VUT,Vanuatu,DTP1,93,91,93,89,94,92,90,88,86.0,84.0,82.0,80.0,78.0,79.0,80.0,82.0,83.0,84.0,85.0,87.0,88.0,89.0,86.0,90.0,90.0,95.0,91.0,94.0,91.0,82.0,80.0,79.0,56.0,55.0,53.0,52.0,46.0,0.0,0.0
190,Latin America & Caribbean,VEN,Venezuela (Bolivarian Republic of),DTP1,84,95,97,98,88,90,90,90,90.0,86.0,87.0,70.0,79.0,98.0,93.0,88.0,79.0,82.0,92.0,99.0,90.0,82.0,80.0,87.0,84.0,87.0,86.0,84.0,84.0,80.0,79.0,80.0,80.0,73.0,58.0,80.0,77.0,77.0,79.0
191,East Asia & Pacific,VNM,Viet Nam,DTP1,78,98,96,98,95,83,99,97,93.0,97.0,97.0,92.0,94.0,98.0,98.0,99.0,85.0,99.0,97.0,97.0,98.0,98.0,97.0,97.0,97.0,97.0,96.0,96.0,96.0,96.0,88.0,74.0,68.0,67.0,24.0,22.0,0.0,0.0,0.0
192,Middle East & North Africa,YEM,Yemen,DTP1,75,76,76,77,82,82,77,79,84.0,84.0,85.0,88.0,86.0,88.0,89.0,77.0,72.0,87.0,88.0,84.0,75.0,65.0,72.0,69.0,58.0,77.0,74.0,61.0,94.0,79.0,61.0,41.0,35.0,33.0,27.0,24.0,22.0,21.0,18.0
193,Eastern & Southern Africa,ZMB,Zambia,DTP1,94,95,99,97,96,86,86,87,92.0,96.0,95.0,93.0,92.0,92.0,93.0,93.0,94.0,94.0,94.0,94.0,94.0,94.0,94.0,97.0,96.0,95.0,94.0,94.0,97.0,94.0,94.0,94.0,86.0,86.0,81.0,73.0,0.0,0.0,0.0
194,Eastern & Southern Africa,ZWE,Zimbabwe,DTP1,94,94,94,94,98,98,99,99,95.0,87.0,89.0,86.0,83.0,80.0,77.0,79.0,81.0,83.0,84.0,86.0,88.0,95.0,96.0,96.0,95.0,95.0,95.0,95.0,96.0,95.0,95.0,94.0,91.0,84.0,82.0,77.0,71.0,64.0,0.0
