country,vaccine,2018,2017,2016,2015,2014,2013,2012,2011,2010,2009,2008,2007,2006,2005,2004,2003,2002,2001,2000,1999,1998,1997,1996,1995,1994,1993,1992,1991,1990,1989,1988,1987,1986,1985,1984,1983,1982,1981,1980
Afghanistan,DTP1,73,73,73,73,73,76,78,78,72.0,72.0,75.0,76.0,75.0,76.0,72.0,66.0,62.0,59.0,48.0,52.0,52.0,48.0,56.0,44.0,33.0,41.0,45.0,47.0,50.0,58.0,60.0,50.0,32.0,37.0,39.0,24.0,24.0,,22.0
Albania,DTP1,99,99,99,99,99,99,99,99,99.0,99.0,99.0,98.0,98.0,99.0,98.0,97.0,98.0,97.0,98.0,98.0,99.0,99.0,98.0,98.0,99.0,98.0,97.0,92.0,97.0,97.0,98.0,98.0,98.0,98.0,98.0,98.0,98.0,97.0,97.0
Algeria,DTP1,96,95,96,99,99,99,99,99,99.0,98.0,97.0,98.0,98.0,94.0,93.0,93.0,93.0,92.0,95.0,92.0,94.0,96.0,96.0,96.0,95.0,96.0,96.0,96.0,96.0,95.0,93.0,92.0,92.0,88.0,,,,,
Andorra,DTP1,99,99,99,99,99,96,99,99,99.0,99.0,99.0,96.0,96.0,99.0,99.0,99.0,99.0,96.0,99.0,96.0,96.0,96.0,,,,,,,,,,,,,,,,,
Angola,DTP1,67,61,67,65,69,67,73,79,85.0,71.0,81.0,66.0,52.0,50.0,66.0,60.0,60.0,54.0,44.0,51.0,59.0,66.0,53.0,48.0,52.0,55.0,45.0,51.0,48.0,41.0,33.0,31.0,31.0,28.0,28.0,25.0,,,
Antigua and Barbuda,DTP1,99,96,97,99,99,99,99,99,99.0,99.0,99.0,99.0,99.0,99.0,99.0,99.0,98.0,99.0,98.0,99.0,99.0,99.0,99.0,99.0,99.0,99.0,99.0,97.0,99.0,99.0,98.0,98.0,98.0,99.0,97.0,99.0,92.0,92.0,77.0
Argentina,DTP1,91,91,97,94,98,94,94,94,95.0,94.0,97.0,94.0,93.0,99.0,99.0,96.0,96.0,96.0,96.0,96.0,96.0,96.0,94.0,95.0,94.0,93.0,93.0,93.0,95.0,93.0,93.0,91.0,86.0,86.0,83.0,82.0,80.0,73.0,69.0
Armenia,DTP1,96,97,97,97,97,97,98,98,98.0,97.0,96.0,96.0,95.0,96.0,97.0,98.0,98.0,98.0,97.0,97.0,93.0,96.0,95.0,98.0,95.0,95.0,95.0,,,,,,,,,,,,
Australia,DTP1,98,98,98,97,92,92,92,92,97.0,97.0,97.0,97.0,97.0,97.0,97.0,97.0,97.0,97.0,96.0,96.0,84.0,91.0,95.0,95.0,96.0,96.0,97.0,97.0,98.0,97.0,96.0,93.0,91.0,87.0,83.0,78.0,72.0,65.0,58.0
Austria,DTP1,90,94,95,97,99,98,97,96,95.0,94.0,94.0,95.0,86.0,99.0,99.0,90.0,99.0,99.0,99.0,93.0,94.0,96.0,96.0,96.0,96.0,96.0,96.0,96.0,96.0,96.0,96.0,96.0,96.0,96.0,96.0,96.0,96.0,96.0,96.0
Azerbaijan,DTP1,96,97,98,97,96,95,94,94,94.0,90.0,90.0,87.0,86.0,81.0,84.0,83.0,82.0,83.0,83.0,83.0,81.0,78.0,82.0,79.0,77.0,65.0,64.0,,,,,,,,,,,,
Bahamas,DTP1,94,98,95,99,96,99,99,99,99.0,99.0,99.0,98.0,95.0,99.0,99.0,99.0,99.0,99.0,99.0,96.0,96.0,95.0,95.0,95.0,97.0,97.0,97.0,97.0,95.0,95.0,95.0,95.0,95.0,95.0,87.0,85.0,87.0,78.0,61.0
Bahrain,DTP1,99,98,99,98,98,99,99,99,99.0,98.0,98.0,97.0,99.0,99.0,99.0,99.0,99.0,99.0,98.0,99.0,98.0,98.0,96.0,98.0,99.0,97.0,97.0,99.0,97.0,98.0,98.0,98.0,97.0,96.0,95.0,94.0,92.0,91.0,89.0
Bangladesh,DTP1,99,99,99,99,99,98,97,99,98.0,99.0,99.0,98.0,97.0,97.0,99.0,93.0,95.0,94.0,92.0,91.0,89.0,92.0,91.0,87.0,94.0,79.0,86.0,88.0,86.0,73.0,39.0,29.0,22.0,20.0,18.0,18.0,18.0,18.0,
Barbados,DTP1,96,90,99,99,98,97,96,95,94.0,93.0,85.0,93.0,94.0,97.0,97.0,91.0,92.0,92.0,93.0,95.0,96.0,98.0,95.0,97.0,96.0,95.0,96.0,94.0,97.0,92.0,91.0,92.0,92.0,94.0,94.0,87.0,83.0,80.0,82.0
Belarus,DTP1,97,97,99,99,97,99,98,99,99.0,98.0,98.0,99.0,99.0,99.0,99.0,74.0,99.0,99.0,99.0,99.0,99.0,98.0,98.0,98.0,97.0,97.0,96.0,,,,,,,,,,,,
Belgium,DTP1,99,99,99,99,99,99,99,99,99.0,99.0,99.0,99.0,99.0,98.0,97.0,97.0,97.0,97.0,97.0,97.0,96.0,95.0,98.0,97.0,98.0,98.0,98.0,97.0,97.0,97.0,93.0,98.0,98.0,98.0,98.0,98.0,98.0,98.0,98.0
Belize,DTP1,97,89,98,97,96,96,99,98,99.0,99.0,98.0,98.0,98.0,98.0,98.0,98.0,97.0,97.0,96.0,96.0,95.0,95.0,95.0,94.0,96.0,96.0,96.0,94.0,97.0,88.0,90.0,87.0,98.0,81.0,77.0,81.0,74.0,77.0,72.0
Benin,DTP1,84,84,84,82,84,86,89,85,87.0,89.0,91.0,94.0,89.0,84.0,85.0,86.0,87.0,88.0,89.0,88.0,87.0,86.0,86.0,82.0,89.0,87.0,86.0,83.0,86.0,68.0,51.0,46.0,36.0,36.0,,,,,
Bhutan,DTP1,98,99,99,99,99,97,97,98,94.0,97.0,97.0,98.0,97.0,97.0,92.0,96.0,95.0,96.0,96.0,95.0,96.0,95.0,95.0,95.0,95.0,92.0,95.0,97.0,98.0,91.0,88.0,84.0,77.0,66.0,53.0,39.0,37.0,35.0,25.0
Bolivia (Plurinational State of),DTP1,89,91,93,97,92,87,97,98,97.0,97.0,96.0,85.0,87.0,93.0,88.0,96.0,94.0,91.0,92.0,92.0,86.0,80.0,82.0,84.0,80.0,76.0,70.0,68.0,66.0,76.0,53.0,60.0,67.0,58.0,25.0,31.0,33.0,35.0,32.0
Bosnia and Herzegovina,DTP1,89,92,90,89,92,94,95,94,95.0,95.0,95.0,96.0,94.0,95.0,93.0,93.0,86.0,94.0,90.0,90.0,91.0,92.0,86.0,78.0,94.0,63.0,80.0,,,,,,,,,,,,
Botswana,DTP1,98,98,98,98,98,98,98,98,98.0,98.0,98.0,98.0,98.0,98.0,98.0,98.0,98.0,98.0,98.0,98.0,98.0,98.0,98.0,98.0,99.0,99.0,99.0,99.0,99.0,99.0,96.0,93.0,98.0,98.0,98.0,97.0,97.0,93.0,89.0
Brazil,DTP1,87,99,95,97,98,98,99,99,99.0,99.0,99.0,99.0,99.0,99.0,99.0,99.0,99.0,99.0,99.0,99.0,99.0,99.0,75.0,85.0,50.0,91.0,88.0,92.0,86.0,79.0,80.0,80.0,80.0,86.0,87.0,82.0,79.0,72.0,62.0
Brunei Darussalam,DTP1,99,99,99,99,99,99,98,99,98.0,99.0,99.0,99.0,99.0,99.0,99.0,99.0,99.0,99.0,99.0,99.0,99.0,99.0,99.0,99.0,99.0,99.0,98.0,98.0,97.0,97.0,96.0,95.0,95.0,96.0,98.0,95.0,99.0,97.0,96.0
Bulgaria,DTP1,94,96,94,93,90,96,96,96,96.0,96.0,97.0,96.0,97.0,97.0,95.0,96.0,97.0,95.0,95.0,96.0,96.0,97.0,98.0,98.0,97.0,98.0,98.0,99.0,99.0,99.0,99.0,99.0,99.0,99.0,99.0,99.0,99.0,99.0,98.0
Burkina Faso,DTP1,95,95,95,95,95,94,94,93,93.0,93.0,97.0,92.0,91.0,91.0,90.0,90.0,89.0,93.0,97.0,83.0,77.0,78.0,78.0,79.0,79.0,79.0,79.0,86.0,92.0,81.0,74.0,53.0,48.0,35.0,,,,,
Burundi,DTP1,94,94,97,97,98,98,98,99,99.0,99.0,98.0,99.0,99.0,96.0,95.0,93.0,91.0,90.0,88.0,86.0,86.0,86.0,86.0,86.0,72.0,84.0,93.0,94.0,95.0,94.0,68.0,87.0,76.0,61.0,51.0,69.0,58.0,61.0,
Cabo Verde,DTP1,99,97,96,97,99,93,98,99,99.0,99.0,99.0,99.0,98.0,97.0,96.0,95.0,95.0,94.0,94.0,93.0,93.0,92.0,90.0,90.0,95.0,96.0,96.0,95.0,96.0,99.0,96.0,97.0,77.0,64.0,56.0,47.0,,,
Cambodia,DTP1,94,94,94,94,94,94,97,95,93.0,99.0,95.0,87.0,85.0,85.0,92.0,74.0,60.0,65.0,78.0,73.0,78.0,62.0,59.0,55.0,53.0,51.0,48.0,63.0,63.0,72.0,70.0,62.0,62.0,47.0,40.0,,,,
Cameroon,DTP1,86,93,92,92,93,95,94,90,92.0,88.0,93.0,90.0,87.0,85.0,80.0,79.0,75.0,70.0,66.0,69.0,71.0,72.0,71.0,71.0,63.0,62.0,62.0,67.0,70.0,73.0,68.0,63.0,58.0,52.0,46.0,44.0,31.0,18.0,
Canada,DTP1,95,95,95,95,95,95,96,96,96.0,96.0,96.0,96.0,96.0,96.0,96.0,95.0,95.0,95.0,95.0,95.0,95.0,95.0,98.0,97.0,97.0,96.0,96.0,96.0,96.0,95.0,95.0,95.0,,,,,,,
Central African Republic,DTP1,69,69,69,69,69,35,69,69,67.0,65.0,65.0,65.0,64.0,64.0,64.0,65.0,65.0,65.0,60.0,55.0,61.0,66.0,72.0,77.0,76.0,75.0,75.0,85.0,95.0,84.0,67.0,46.0,42.0,44.0,40.0,39.0,36.0,32.0,35.0
Chad,DTP1,55,55,55,57,58,58,57,55,55.0,45.0,47.0,50.0,58.0,46.0,35.0,45.0,45.0,44.0,45.0,45.0,47.0,48.0,44.0,41.0,41.0,35.0,31.0,41.0,44.0,44.0,36.0,36.0,31.0,21.0,21.0,18.0,,,
Chile,DTP1,99,98,99,97,99,92,90,98,93.0,94.0,96.0,98.0,95.0,92.0,94.0,98.0,98.0,99.0,98.0,97.0,97.0,96.0,97.0,97.0,97.0,96.0,96.0,97.0,98.0,98.0,98.0,97.0,96.0,99.0,99.0,96.0,99.0,99.0,97.0
China,DTP1,99,99,99,99,99,99,99,99,99.0,99.0,99.0,99.0,99.0,95.0,95.0,95.0,95.0,95.0,94.0,94.0,94.0,94.0,94.0,93.0,95.0,96.0,97.0,97.0,98.0,98.0,98.0,91.0,92.0,92.0,90.0,80.0,,,
Colombia,DTP1,92,94,93,93,91,97,91,95,96.0,97.0,97.0,97.0,97.0,97.0,90.0,94.0,93.0,82.0,91.0,95.0,95.0,94.0,95.0,95.0,95.0,94.0,92.0,94.0,96.0,92.0,90.0,80.0,72.0,82.0,82.0,67.0,51.0,44.0,39.0
Comoros,DTP1,96,96,96,96,93,90,91,92,81.0,89.0,85.0,79.0,78.0,77.0,85.0,82.0,96.0,85.0,85.0,73.0,90.0,72.0,82.0,91.0,80.0,88.0,63.0,76.0,97.0,94.0,68.0,88.0,88.0,75.0,56.0,,,,
Congo,DTP1,79,75,76,85,95,90,90,90,90.0,92.0,93.0,80.0,81.0,73.0,67.0,62.0,50.0,44.0,45.0,46.0,46.0,47.0,62.0,74.0,78.0,82.0,86.0,90.0,92.0,92.0,89.0,89.0,88.0,77.0,77.0,74.0,72.0,67.0,67.0
Cook Islands,DTP1,99,99,99,99,99,98,98,98,99.0,99.0,99.0,99.0,99.0,99.0,99.0,96.0,99.0,97.0,99.0,98.0,98.0,97.0,91.0,97.0,95.0,99.0,95.0,95.0,97.0,96.0,97.0,94.0,95.0,92.0,72.0,80.0,75.0,71.0,65.0
Costa Rica,DTP1,95,99,99,93,91,98,92,87,96.0,91.0,90.0,90.0,89.0,97.0,96.0,89.0,98.0,91.0,90.0,92.0,95.0,97.0,95.0,95.0,96.0,96.0,96.0,96.0,98.0,95.0,95.0,97.0,96.0,96.0,97.0,95.0,93.0,95.0,95.0
Cote d'Ivoire,DTP1,95,93,96,96,93,89,93,75,95.0,95.0,89.0,93.0,95.0,83.0,73.0,71.0,76.0,81.0,85.0,77.0,74.0,77.0,70.0,64.0,72.0,77.0,73.0,64.0,77.0,67.0,56.0,56.0,55.0,50.0,42.0,,,,
Croatia,DTP1,98,98,98,98,98,98,98,97,97.0,97.0,97.0,96.0,96.0,96.0,96.0,98.0,99.0,94.0,95.0,96.0,96.0,97.0,97.0,96.0,95.0,95.0,94.0,,,,,,,,,,,,
Cuba,DTP1,99,99,99,99,99,99,99,99,96.0,98.0,96.0,97.0,98.0,99.0,89.0,90.0,99.0,99.0,98.0,95.0,99.0,99.0,96.0,99.0,99.0,99.0,97.0,99.0,97.0,98.0,98.0,95.0,99.0,97.0,95.0,99.0,99.0,87.0,86.0
Cyprus,DTP1,99,98,98,98,99,99,99,99,99.0,99.0,98.0,98.0,98.0,98.0,98.0,98.0,98.0,98.0,98.0,98.0,98.0,98.0,98.0,98.0,98.0,98.0,97.0,97.0,97.0,97.0,96.0,97.0,97.0,82.0,55.0,59.0,51.0,79.0,59.0
Czechia,DTP1,98,98,98,99,99,99,99,99,99.0,99.0,99.0,99.0,99.0,99.0,99.0,99.0,99.0,99.0,99.0,99.0,99.0,99.0,98.0,98.0,98.0,99.0,,,,,,,,,,,,,
Democratic People's Republic of Korea,DTP1,99,98,97,97,94,94,97,95,94.0,94.0,93.0,93.0,91.0,83.0,75.0,70.0,65.0,63.0,61.0,58.0,56.0,54.0,74.0,84.0,91.0,96.0,96.0,98.0,98.0,98.0,95.0,95.0,82.0,78.0,86.0,76.0,75.0,76.0,74.0
Democratic Republic of the Congo,DTP1,82,82,80,82,81,79,81,85,71.0,82.0,73.0,78.0,71.0,68.0,66.0,53.0,47.0,49.0,49.0,46.0,44.0,41.0,41.0,47.0,51.0,54.0,47.0,39.0,60.0,63.0,66.0,63.0,57.0,62.0,52.0,39.0,40.0,41.0,
Denmark,DTP1,97,99,97,96,96,97,97,94,93.0,90.0,89.0,87.0,93.0,93.0,95.0,98.0,99.0,97.0,98.0,99.0,99.0,97.0,94.0,97.0,96.0,97.0,98.0,98.0,98.0,98.0,97.0,97.0,97.0,99.0,95.0,96.0,97.0,97.0,97.0
Djibouti,DTP1,91,83,74,90,93,87,85,89,90.0,90.0,90.0,92.0,76.0,73.0,81.0,76.0,72.0,65.0,66.0,63.0,60.0,57.0,66.0,66.0,66.0,66.0,66.0,77.0,95.0,91.0,85.0,50.0,48.0,46.0,45.0,36.0,25.0,,
Dominica,DTP1,99,98,99,99,99,98,98,99,99.0,99.0,96.0,98.0,98.0,99.0,99.0,99.0,99.0,99.0,99.0,99.0,99.0,97.0,99.0,99.0,99.0,99.0,99.0,98.0,97.0,97.0,98.0,98.0,97.0,97.0,94.0,97.0,99.0,98.0,84.0
Dominican Republic,DTP1,99,99,98,99,95,91,92,91,96.0,85.0,86.0,87.0,93.0,92.0,87.0,88.0,92.0,95.0,91.0,95.0,91.0,86.0,88.0,89.0,90.0,91.0,90.0,88.0,87.0,80.0,80.0,93.0,93.0,64.0,59.0,54.0,53.0,52.0,61.0
Ecuador,DTP1,86,95,94,80,84,87,88,89,91.0,98.0,98.0,98.0,96.0,96.0,95.0,95.0,95.0,95.0,94.0,93.0,94.0,93.0,94.0,94.0,94.0,95.0,95.0,81.0,87.0,78.0,77.0,75.0,69.0,66.0,72.0,56.0,60.0,51.0,31.0
Egypt,DTP1,96,95,96,94,96,97,94,97,97.0,97.0,98.0,98.0,98.0,98.0,98.0,98.0,98.0,99.0,98.0,98.0,97.0,96.0,96.0,96.0,94.0,93.0,92.0,91.0,95.0,96.0,95.0,93.0,93.0,94.0,87.0,80.0,80.0,80.0,80.0
El Salvador,DTP1,82,95,97,93,96,97,92,90,90.0,97.0,99.0,99.0,98.0,96.0,96.0,98.0,93.0,97.0,99.0,98.0,99.0,98.0,98.0,99.0,96.0,92.0,82.0,82.0,93.0,84.0,84.0,77.0,74.0,78.0,56.0,45.0,67.0,67.0,69.0
Equatorial Guinea,DTP1,44,44,40,28,59,49,56,59,59.0,60.0,60.0,61.0,61.0,62.0,62.0,63.0,63.0,64.0,64.0,65.0,94.0,94.0,94.0,94.0,94.0,94.0,95.0,96.0,96.0,72.0,42.0,31.0,21.0,21.0,,,,,
Eritrea,DTP1,97,97,97,98,97,97,97,97,98.0,98.0,98.0,98.0,97.0,99.0,99.0,97.0,94.0,91.0,88.0,97.0,90.0,83.0,75.0,68.0,61.0,49.0,,,,,,,,,,,,,
Estonia,DTP1,93,94,94,94,95,96,96,96,96.0,97.0,97.0,98.0,98.0,99.0,98.0,99.0,99.0,99.0,96.0,98.0,97.0,96.0,96.0,94.0,92.0,90.0,,,,,,,,,,,,,
Eswatini,DTP1,96,96,96,96,99,99,97,98,95.0,95.0,96.0,95.0,95.0,95.0,95.0,95.0,95.0,95.0,94.0,94.0,94.0,94.0,94.0,94.0,98.0,96.0,97.0,92.0,96.0,96.0,96.0,95.0,90.0,82.0,74.0,68.0,64.0,55.0,
Ethiopia,DTP1,85,85,85,85,73,67,74,80,77.0,74.0,71.0,67.0,64.0,61.0,58.0,55.0,52.0,50.0,47.0,44.0,61.0,78.0,78.0,80.0,80.0,53.0,35.0,45.0,73.0,51.0,39.0,39.0,27.0,25.0,22.0,22.0,21.0,21.0,
Fiji,DTP1,99,99,99,99,99,99,99,99,99.0,99.0,99.0,99.0,99.0,99.0,99.0,98.0,98.0,97.0,97.0,96.0,96.0,95.0,98.0,98.0,98.0,98.0,98.0,99.0,98.0,98.0,98.0,96.0,88.0,87.0,91.0,93.0,84.0,88.0,87.0
Finland,DTP1,99,98,99,99,99,99,99,99,99.0,99.0,99.0,99.0,99.0,99.0,98.0,98.0,99.0,99.0,99.0,99.0,99.0,99.0,99.0,99.0,99.0,99.0,99.0,98.0,96.0,96.0,99.0,98.0,98.0,98.0,98.0,97.0,97.0,97.0,97.0
France,DTP1,99,99,99,99,99,99,99,99,99.0,99.0,99.0,99.0,99.0,99.0,99.0,99.0,99.0,99.0,99.0,99.0,99.0,99.0,98.0,98.0,98.0,97.0,97.0,97.0,97.0,98.0,92.0,96.0,98.0,98.0,97.0,96.0,95.0,92.0,92.0
Gabon,DTP1,78,81,83,87,77,80,86,82,82.0,81.0,85.0,86.0,69.0,69.0,69.0,69.0,69.0,69.0,69.0,69.0,72.0,75.0,78.0,81.0,85.0,88.0,92.0,94.0,96.0,96.0,86.0,76.0,66.0,56.0,46.0,36.0,,,
Gambia,DTP1,94,93,99,99,98,99,99,99,99.0,98.0,96.0,98.0,98.0,95.0,96.0,97.0,96.0,97.0,97.0,97.0,98.0,98.0,99.0,99.0,99.0,99.0,97.0,96.0,98.0,96.0,96.0,95.0,93.0,90.0,91.0,88.0,91.0,87.0,89.0
Georgia,DTP1,99,98,97,97,99,99,94,98,99.0,99.0,99.0,99.0,99.0,91.0,88.0,95.0,96.0,97.0,89.0,88.0,87.0,88.0,90.0,91.0,80.0,77.0,80.0,,,,,,,,,,,,
Germany,DTP1,98,98,98,98,98,98,99,99,99.0,99.0,99.0,99.0,99.0,98.0,98.0,97.0,97.0,97.0,96.0,99.0,95.0,95.0,94.0,92.0,90.0,83.0,95.0,93.0,93.0,93.0,93.0,93.0,96.0,93.0,97.0,97.0,98.0,98.0,
Ghana,DTP1,97,99,94,97,99,94,92,94,96.0,96.0,96.0,96.0,87.0,88.0,88.0,87.0,84.0,81.0,96.0,86.0,87.0,88.0,88.0,88.0,88.0,86.0,83.0,82.0,80.0,75.0,72.0,67.0,60.0,46.0,42.0,47.0,47.0,46.0,27.0
Greece,DTP1,99,99,99,99,99,99,99,99,99.0,99.0,99.0,99.0,99.0,96.0,96.0,96.0,96.0,96.0,96.0,96.0,96.0,96.0,96.0,96.0,96.0,96.0,96.0,95.0,77.0,77.0,94.0,94.0,93.0,77.0,82.0,89.0,94.0,98.0,89.0
Grenada,DTP1,98,98,98,94,97,99,99,98,99.0,99.0,99.0,98.0,97.0,99.0,87.0,99.0,99.0,98.0,99.0,96.0,99.0,98.0,93.0,98.0,97.0,96.0,96.0,95.0,93.0,95.0,85.0,93.0,98.0,82.0,91.0,87.0,79.0,68.0,50.0
Guatemala,DTP1,94,88,96,99,89,97,96,94,96.0,94.0,99.0,88.0,95.0,97.0,98.0,96.0,93.0,93.0,94.0,91.0,94.0,90.0,86.0,91.0,88.0,91.0,86.0,84.0,86.0,74.0,72.0,39.0,62.0,45.0,72.0,69.0,70.0,67.0,68.0
Guinea,DTP1,63,63,63,63,58,64,70,76,86.0,76.0,64.0,76.0,75.0,75.0,75.0,71.0,68.0,64.0,61.0,57.0,72.0,72.0,72.0,77.0,77.0,77.0,76.0,61.0,40.0,40.0,39.0,37.0,37.0,37.0,37.0,37.0,37.0,,
Guinea-Bissau,DTP1,89,89,89,90,92,93,94,92,93.0,94.0,91.0,89.0,86.0,83.0,81.0,79.0,77.0,75.0,73.0,68.0,76.0,83.0,77.0,70.0,90.0,89.0,86.0,84.0,82.0,86.0,95.0,87.0,88.0,57.0,57.0,45.0,,,
Guyana,DTP1,99,97,97,96,99,98,99,97,99.0,99.0,94.0,96.0,95.0,93.0,97.0,93.0,96.0,98.0,97.0,97.0,97.0,96.0,94.0,95.0,96.0,97.0,92.0,93.0,94.0,91.0,84.0,86.0,84.0,91.0,88.0,79.0,77.0,70.0,60.0
Haiti,DTP1,84,84,84,84,79,82,85,88,87.0,86.0,86.0,85.0,84.0,83.0,81.0,79.0,77.0,75.0,73.0,71.0,69.0,66.0,75.0,75.0,75.0,73.0,72.0,70.0,66.0,74.0,72.0,53.0,48.0,42.0,36.0,29.0,35.0,36.0,21.0
Honduras,DTP1,94,93,94,99,99,99,98,99,99.0,99.0,97.0,94.0,96.0,99.0,98.0,97.0,98.0,98.0,98.0,98.0,99.0,96.0,97.0,97.0,97.0,97.0,97.0,97.0,94.0,95.0,90.0,80.0,83.0,80.0,66.0,76.0,71.0,59.0,53.0
Hungary,DTP1,99,99,99,99,99,99,99,99,99.0,99.0,99.0,99.0,99.0,99.0,99.0,99.0,99.0,99.0,99.0,99.0,99.0,99.0,99.0,99.0,99.0,99.0,99.0,99.0,99.0,99.0,99.0,99.0,99.0,99.0,99.0,99.0,99.0,99.0,99.0
Iceland,DTP1,97,97,96,96,96,97,97,99,98.0,99.0,99.0,97.0,97.0,95.0,99.0,97.0,96.0,95.0,99.0,99.0,99.0,99.0,99.0,99.0,99.0,99.0,99.0,99.0,99.0,99.0,99.0,99.0,99.0,99.0,99.0,97.0,98.0,99.0,99.0
India,DTP1,92,92,91,90,90,90,89,89,86.0,84.0,81.0,81.0,81.0,82.0,77.0,76.0,75.0,75.0,74.0,74.0,78.0,82.0,86.0,88.0,86.0,82.0,79.0,80.0,88.0,74.0,65.0,55.0,44.0,41.0,39.0,36.0,33.0,25.0,25.0
Indonesia,DTP1,85,86,85,85,85,86,87,88,89.0,88.0,88.0,85.0,86.0,85.0,84.0,84.0,83.0,82.0,84.0,86.0,88.0,90.0,89.0,87.0,87.0,86.0,84.0,83.0,82.0,80.0,77.0,74.0,72.0,52.0,35.0,25.0,18.0,18.0,
Iran (Islamic Republic of),DTP1,99,99,99,99,99,98,99,99,99.0,99.0,99.0,99.0,98.0,97.0,99.0,99.0,99.0,96.0,99.0,99.0,99.0,99.0,99.0,98.0,98.0,99.0,98.0,96.0,97.0,94.0,96.0,80.0,80.0,75.0,58.0,58.0,66.0,54.0,57.0
Iraq,DTP1,92,93,87,80,82,86,90,92,86.0,88.0,81.0,68.0,76.0,84.0,86.0,87.0,89.0,90.0,92.0,93.0,79.0,89.0,88.0,86.0,84.0,82.0,86.0,90.0,93.0,97.0,98.0,98.0,98.0,98.0,81.0,39.0,41.0,35.0,36.0
Ireland,DTP1,98,98,98,98,98,98,98,98,98.0,98.0,97.0,97.0,97.0,96.0,96.0,95.0,94.0,94.0,95.0,95.0,94.0,90.0,90.0,90.0,88.0,88.0,87.0,86.0,85.0,85.0,68.0,69.0,69.0,70.0,70.0,67.0,68.0,61.0,59.0
Israel,DTP1,99,99,94,95,95,96,94,94,95.0,96.0,94.0,95.0,95.0,93.0,95.0,95.0,95.0,95.0,95.0,95.0,95.0,95.0,97.0,98.0,98.0,98.0,98.0,97.0,97.0,97.0,97.0,97.0,97.0,95.0,95.0,96.0,97.0,97.0,94.0
Italy,DTP1,98,98,98,97,98,98,99,98,98.0,98.0,98.0,99.0,98.0,98.0,98.0,98.0,97.0,97.0,95.0,98.0,98.0,98.0,98.0,98.0,98.0,98.0,98.0,98.0,94.0,,,,,,,,,,
Jamaica,DTP1,99,95,99,97,97,97,98,94,98.0,91.0,97.0,97.0,96.0,99.0,99.0,98.0,99.0,99.0,97.0,96.0,92.0,96.0,97.0,96.0,97.0,97.0,95.0,95.0,95.0,95.0,94.0,93.0,90.0,82.0,80.0,75.0,59.0,64.0,48.0
Japan,DTP1,99,99,99,98,98,98,99,99,99.0,99.0,99.0,99.0,99.0,99.0,99.0,99.0,98.0,98.0,88.0,88.0,88.0,88.0,99.0,90.0,93.0,95.0,95.0,97.0,96.0,95.0,95.0,95.0,94.0,94.0,94.0,93.0,93.0,91.0,82.0
Jordan,DTP1,98,99,99,99,98,99,98,98,98.0,98.0,98.0,99.0,99.0,98.0,96.0,98.0,96.0,99.0,91.0,86.0,99.0,99.0,99.0,99.0,95.0,93.0,97.0,97.0,97.0,97.0,97.0,96.0,96.0,95.0,93.0,91.0,91.0,93.0,55.0
Kazakhstan,DTP1,99,99,93,99,96,99,99,99,99.0,98.0,99.0,97.0,99.0,99.0,85.0,99.0,96.0,96.0,98.0,98.0,99.0,98.0,98.0,97.0,91.0,91.0,93.0,,,,,,,,,,,,
Kenya,DTP1,97,93,96,96,97,95,98,98,93.0,92.0,90.0,89.0,90.0,85.0,87.0,89.0,90.0,84.0,83.0,89.0,93.0,96.0,96.0,96.0,96.0,96.0,96.0,92.0,92.0,92.0,92.0,91.0,89.0,88.0,80.0,,,,
Kiribati,DTP1,98,94,82,81,83,95,94,99,97.0,90.0,97.0,99.0,98.0,93.0,75.0,78.0,82.0,85.0,95.0,96.0,96.0,97.0,92.0,82.0,88.0,99.0,95.0,88.0,98.0,92.0,84.0,61.0,62.0,62.0,41.0,65.0,77.0,54.0,68.0
Kuwait,DTP1,99,99,99,99,97,99,99,99,98.0,99.0,99.0,99.0,99.0,99.0,99.0,99.0,99.0,99.0,98.0,97.0,98.0,98.0,99.0,99.0,99.0,98.0,96.0,93.0,88.0,97.0,97.0,97.0,97.0,96.0,96.0,96.0,94.0,92.0,86.0
Kyrgyzstan,DTP1,98,94,97,99,96,98,96,97,99.0,98.0,99.0,98.0,96.0,98.0,99.0,99.0,99.0,99.0,99.0,99.0,98.0,98.0,98.0,97.0,94.0,84.0,94.0,,,,,,,,,,,,
Lao People's Democratic Republic,DTP1,73,76,72,86,94,89,87,83,81.0,76.0,73.0,59.0,68.0,68.0,66.0,72.0,64.0,59.0,83.0,83.0,82.0,82.0,80.0,77.0,72.0,50.0,47.0,46.0,41.0,45.0,40.0,31.0,24.0,22.0,24.0,27.0,27.0,27.0,
Latvia,DTP1,97,98,99,97,93,96,92,95,99.0,98.0,94.0,98.0,98.0,99.0,99.0,98.0,99.0,99.0,99.0,98.0,99.0,99.0,99.0,99.0,99.0,97.0,95.0,,,,,,,,,,,,
Lebanon,DTP1,96,96,96,96,96,95,93,91,88.0,86.0,84.0,84.0,84.0,83.0,83.0,83.0,85.0,88.0,90.0,92.0,95.0,97.0,97.0,97.0,97.0,97.0,96.0,95.0,94.0,92.0,84.0,71.0,55.0,40.0,22.0,22.0,22.0,20.0,17.0
Lesotho,DTP1,98,98,98,98,98,98,98,97,97.0,96.0,96.0,96.0,96.0,95.0,95.0,95.0,89.0,83.0,87.0,90.0,92.0,93.0,94.0,95.0,94.0,94.0,93.0,92.0,91.0,91.0,90.0,89.0,91.0,92.0,88.0,83.0,79.0,75.0,75.0
Liberia,DTP1,99,99,99,77,74,97,92,86,80.0,90.0,85.0,80.0,75.0,75.0,65.0,69.0,73.0,76.0,80.0,84.0,,,,,,,,,,,,,,,,,,,
Libya,DTP1,98,99,98,98,96,98,99,99,98.0,98.0,98.0,98.0,98.0,98.0,99.0,99.0,97.0,96.0,97.0,97.0,98.0,98.0,98.0,98.0,98.0,98.0,96.0,95.0,94.0,95.0,94.0,94.0,94.0,93.0,93.0,92.0,89.0,86.0,82.0
Lithuania,DTP1,95,97,97,97,97,97,97,95,98.0,98.0,96.0,99.0,98.0,98.0,94.0,98.0,98.0,98.0,99.0,98.0,97.0,96.0,97.0,96.0,94.0,94.0,92.0,,,,,,,,,,,,
Luxembourg,DTP1,99,99,99,99,99,99,99,99,99.0,99.0,99.0,99.0,99.0,99.0,99.0,99.0,99.0,99.0,99.0,98.0,98.0,98.0,98.0,98.0,98.0,97.0,97.0,97.0,96.0,96.0,96.0,98.0,95.0,91.0,87.0,91.0,,,
Madagascar,DTP1,81,80,84,79,83,80,80,80,78.0,80.0,84.0,92.0,93.0,88.0,82.0,79.0,76.0,75.0,74.0,73.0,73.0,73.0,73.0,80.0,86.0,86.0,85.0,77.0,71.0,70.0,67.0,60.0,55.0,47.0,42.0,47.0,37.0,,
Malawi,DTP1,96,93,89,93,97,96,99,98,97.0,97.0,97.0,96.0,99.0,99.0,99.0,99.0,94.0,99.0,98.0,98.0,98.0,98.0,96.0,96.0,94.0,97.0,95.0,95.0,95.0,95.0,94.0,92.0,80.0,78.0,80.0,84.0,84.0,86.0,80.0
Malaysia,DTP1,99,99,98,99,99,99,99,98,98.0,99.0,99.0,99.0,98.0,98.0,98.0,98.0,98.0,98.0,99.0,99.0,99.0,98.0,98.0,98.0,95.0,91.0,92.0,93.0,95.0,92.0,76.0,78.0,73.0,68.0,67.0,71.0,90.0,86.0,86.0
Maldives,DTP1,99,99,99,99,99,99,99,97,97.0,99.0,99.0,99.0,98.0,99.0,98.0,98.0,98.0,99.0,98.0,99.0,98.0,98.0,98.0,99.0,98.0,93.0,99.0,98.0,97.0,97.0,95.0,67.0,67.0,53.0,48.0,35.0,18.0,18.0,22.0
Mali,DTP1,82,80,78,75,73,69,75,80,81.0,82.0,85.0,89.0,91.0,96.0,94.0,91.0,87.0,78.0,61.0,67.0,73.0,79.0,77.0,73.0,64.0,71.0,63.0,59.0,67.0,51.0,41.0,28.0,28.0,28.0,,,,,
Malta,DTP1,99,98,97,98,99,99,99,99,97.0,91.0,88.0,84.0,85.0,94.0,92.0,96.0,95.0,98.0,97.0,97.0,97.0,97.0,97.0,97.0,96.0,94.0,94.0,95.0,84.0,72.0,95.0,95.0,95.0,62.0,74.0,,,,
Marshall Islands,DTP1,97,97,87,95,97,97,97,99,99.0,99.0,99.0,99.0,90.0,89.0,71.0,90.0,90.0,99.0,64.0,85.0,95.0,92.0,92.0,88.0,86.0,79.0,94.0,88.0,97.0,97.0,97.0,,,,,,,,
Mauritania,DTP1,89,89,86,87,95,95,95,91,82.0,79.0,88.0,92.0,85.0,85.0,83.0,91.0,96.0,76.0,73.0,70.0,56.0,69.0,89.0,93.0,88.0,82.0,76.0,65.0,69.0,63.0,62.0,55.0,57.0,52.0,45.0,44.0,44.0,41.0,
Mauritius,DTP1,98,96,97,98,97,99,99,99,99.0,99.0,99.0,97.0,99.0,99.0,98.0,99.0,96.0,92.0,88.0,91.0,93.0,96.0,96.0,97.0,96.0,96.0,96.0,97.0,95.0,95.0,95.0,94.0,95.0,96.0,95.0,96.0,97.0,94.0,96.0
Mexico,DTP1,90,93,96,99,95,90,99,99,96.0,98.0,98.0,99.0,99.0,99.0,99.0,99.0,99.0,99.0,99.0,99.0,98.0,98.0,98.0,97.0,97.0,94.0,96.0,96.0,77.0,85.0,82.0,83.0,75.0,65.0,76.0,66.0,65.0,68.0,69.0
Micronesia (Federated States of),DTP1,97,97,95,95,97,98,97,96,90.0,97.0,87.0,86.0,83.0,98.0,81.0,97.0,87.0,90.0,92.0,92.0,91.0,91.0,92.0,94.0,93.0,92.0,97.0,92.0,95.0,98.0,95.0,80.0,,,,,,,
Monaco,DTP1,99,99,99,99,99,99,99,99,99.0,99.0,99.0,99.0,99.0,99.0,99.0,99.0,99.0,99.0,99.0,99.0,99.0,99.0,99.0,99.0,99.0,99.0,98.0,98.0,99.0,99.0,99.0,,,,,,,,
Mongolia,DTP1,99,99,99,99,99,98,99,99,98.0,95.0,98.0,95.0,99.0,99.0,99.0,98.0,99.0,95.0,95.0,95.0,96.0,97.0,96.0,96.0,92.0,93.0,93.0,93.0,94.0,94.0,94.0,93.0,93.0,93.0,91.0,92.0,92.0,92.0,91.0
Montenegro,DTP1,95,95,97,96,97,98,98,98,97.0,96.0,98.0,98.0,95.0,,,,,,,,,,,,,,,,,,,,,,,,,,
Morocco,DTP1,99,99,99,99,99,99,99,99,99.0,99.0,99.0,98.0,99.0,99.0,99.0,94.0,98.0,97.0,98.0,93.0,99.0,99.0,91.0,94.0,92.0,90.0,95.0,93.0,93.0,93.0,94.0,95.0,84.0,75.0,70.0,66.0,57.0,,
Mozambique,DTP1,90,90,90,90,92,93,91,91,91.0,89.0,87.0,85.0,86.0,87.0,88.0,89.0,88.0,86.0,84.0,82.0,80.0,78.0,76.0,75.0,74.0,73.0,74.0,71.0,71.0,72.0,63.0,64.0,57.0,54.0,57.0,63.0,68.0,79.0,
Myanmar,DTP1,95,94,94,94,92,90,89,88,93.0,93.0,88.0,89.0,86.0,76.0,86.0,80.0,81.0,81.0,87.0,87.0,92.0,96.0,96.0,94.0,91.0,96.0,95.0,94.0,96.0,74.0,53.0,47.0,44.0,39.0,33.0,32.0,29.0,24.0,22.0
Namibia,DTP1,94,94,90,98,92,94,89,88,87.0,87.0,88.0,88.0,91.0,93.0,88.0,87.0,86.0,88.0,90.0,90.0,88.0,86.0,88.0,90.0,92.0,90.0,88.0,87.0,,,,,,,,,,,
Nauru,DTP1,99,99,99,98,99,99,98,99,99.0,99.0,99.0,99.0,98.0,90.0,93.0,97.0,99.0,98.0,85.0,81.0,78.0,74.0,77.0,79.0,82.0,84.0,86.0,88.0,90.0,91.0,86.0,78.0,82.0,86.0,86.0,,,,
Nepal,DTP1,96,95,92,94,94,94,90,96,85.0,94.0,84.0,85.0,93.0,81.0,88.0,82.0,84.0,84.0,84.0,91.0,92.0,92.0,85.0,77.0,77.0,75.0,73.0,71.0,68.0,69.0,70.0,71.0,63.0,57.0,52.0,47.0,41.0,39.0,28.0
Netherlands,DTP1,97,98,98,98,98,99,99,99,99.0,99.0,99.0,99.0,98.0,98.0,99.0,99.0,99.0,99.0,99.0,99.0,99.0,99.0,98.0,98.0,98.0,98.0,98.0,98.0,98.0,98.0,98.0,98.0,98.0,98.0,98.0,98.0,98.0,98.0,98.0
New Zealand,DTP1,95,95,92,93,93,93,94,95,95.0,94.0,91.0,91.0,92.0,92.0,91.0,91.0,90.0,96.0,96.0,91.0,93.0,95.0,96.0,96.0,94.0,94.0,93.0,93.0,96.0,93.0,87.0,86.0,88.0,89.0,94.0,90.0,90.0,89.0,91.0
Nicaragua,DTP1,99,99,99,99,99,99,99,99,99.0,99.0,99.0,94.0,94.0,92.0,80.0,86.0,88.0,92.0,97.0,96.0,94.0,93.0,93.0,93.0,93.0,93.0,93.0,91.0,88.0,87.0,72.0,75.0,70.0,64.0,58.0,48.0,52.0,47.0,39.0
Niger,DTP1,91,95,92,93,95,89,87,86,83.0,81.0,76.0,68.0,63.0,58.0,56.0,53.0,51.0,48.0,46.0,43.0,44.0,45.0,44.0,42.0,41.0,39.0,38.0,36.0,46.0,35.0,29.0,27.0,24.0,22.0,24.0,24.0,25.0,25.0,
Nigeria,DTP1,70,70,70,55,48,50,51,56,60.0,73.0,63.0,52.0,49.0,48.0,46.0,45.0,43.0,42.0,42.0,41.0,48.0,70.0,51.0,59.0,69.0,54.0,68.0,64.0,79.0,72.0,61.0,54.0,46.0,39.0,29.0,,,,
Niue,DTP1,99,99,99,99,99,99,99,99,99.0,99.0,99.0,99.0,99.0,95.0,99.0,99.0,99.0,99.0,99.0,99.0,99.0,99.0,99.0,99.0,99.0,99.0,99.0,99.0,99.0,99.0,99.0,99.0,93.0,83.0,68.0,56.0,44.0,28.0,27.0
Norway,DTP1,99,99,99,99,99,99,99,99,99.0,99.0,99.0,99.0,99.0,99.0,99.0,99.0,99.0,99.0,99.0,99.0,99.0,99.0,98.0,98.0,97.0,97.0,98.0,98.0,95.0,94.0,94.0,93.0,94.0,95.0,96.0,96.0,,,
Oman,DTP1,99,99,99,99,99,99,99,99,99.0,99.0,99.0,99.0,98.0,99.0,99.0,99.0,99.0,99.0,99.0,99.0,99.0,99.0,99.0,99.0,98.0,98.0,99.0,98.0,98.0,98.0,96.0,96.0,94.0,82.0,70.0,56.0,48.0,42.0,41.0
Pakistan,DTP1,83,83,82,82,80,78,78,77,67.0,67.0,69.0,70.0,72.0,73.0,75.0,74.0,72.0,71.0,69.0,68.0,66.0,65.0,62.0,73.0,64.0,62.0,67.0,74.0,77.0,65.0,63.0,61.0,59.0,55.0,47.0,37.0,24.0,21.0,20.0
Palau,DTP1,99,99,99,99,99,99,99,99,99.0,99.0,99.0,99.0,98.0,98.0,99.0,99.0,99.0,98.0,98.0,96.0,96.0,97.0,98.0,99.0,86.0,96.0,97.0,98.0,99.0,92.0,99.0,93.0,98.0,,,,,,
Panama,DTP1,96,96,96,96,96,93,99,98,96.0,95.0,93.0,97.0,96.0,95.0,98.0,99.0,99.0,99.0,99.0,96.0,99.0,98.0,97.0,95.0,94.0,94.0,91.0,94.0,95.0,88.0,91.0,89.0,88.0,90.0,81.0,82.0,82.0,92.0,72.0
Papua New Guinea,DTP1,67,69,87,83,87,88,85,83,80.0,80.0,70.0,76.0,85.0,80.0,81.0,88.0,81.0,77.0,84.0,82.0,85.0,87.0,80.0,97.0,91.0,93.0,82.0,93.0,97.0,77.0,72.0,69.0,69.0,65.0,59.0,52.0,54.0,57.0,57.0
Paraguay,DTP1,91,95,94,96,95,97,94,95,95.0,94.0,96.0,99.0,99.0,97.0,94.0,95.0,95.0,96.0,95.0,85.0,88.0,91.0,89.0,87.0,88.0,86.0,90.0,86.0,86.0,82.0,79.0,80.0,77.0,80.0,86.0,70.0,59.0,53.0,40.0
Peru,DTP1,90,90,94,97,98,97,99,94,97.0,97.0,97.0,93.0,96.0,94.0,93.0,98.0,98.0,91.0,99.0,99.0,94.0,96.0,97.0,96.0,95.0,95.0,94.0,88.0,89.0,80.0,82.0,68.0,74.0,72.0,53.0,47.0,47.0,44.0,39.0
Philippines,DTP1,66,72,87,69,78,93,91,92,81.0,89.0,94.0,90.0,90.0,91.0,92.0,86.0,84.0,92.0,92.0,91.0,91.0,90.0,82.0,76.0,81.0,86.0,91.0,96.0,96.0,95.0,92.0,90.0,86.0,81.0,80.0,78.0,77.0,77.0,72.0
Poland,DTP1,98,98,99,99,99,99,99,99,99.0,99.0,99.0,99.0,99.0,99.0,99.0,99.0,99.0,99.0,99.0,99.0,99.0,99.0,98.0,98.0,98.0,98.0,98.0,98.0,98.0,98.0,98.0,98.0,98.0,97.0,98.0,98.0,98.0,98.0,98.0
Portugal,DTP1,99,99,99,99,99,99,99,97,99.0,97.0,99.0,99.0,99.0,94.0,98.0,99.0,98.0,99.0,99.0,98.0,98.0,97.0,98.0,97.0,98.0,97.0,97.0,98.0,96.0,96.0,93.0,94.0,93.0,89.0,92.0,92.0,92.0,91.0,90.0
Qatar,DTP1,99,98,99,99,99,99,95,94,98.0,99.0,97.0,96.0,99.0,99.0,99.0,96.0,96.0,95.0,92.0,94.0,95.0,97.0,97.0,97.0,97.0,96.0,96.0,95.0,94.0,93.0,87.0,89.0,89.0,88.0,82.0,73.0,62.0,68.0,82.0
Republic of Korea,DTP1,98,98,98,98,99,99,99,99,96.0,96.0,95.0,95.0,98.0,98.0,95.0,97.0,97.0,97.0,97.0,96.0,94.0,93.0,96.0,99.0,97.0,96.0,94.0,92.0,90.0,96.0,80.0,80.0,91.0,91.0,91.0,87.0,82.0,82.0,
Republic of Moldova,DTP1,96,91,94,88,94,96,97,96,93.0,88.0,96.0,95.0,97.0,98.0,99.0,99.0,99.0,97.0,98.0,99.0,99.0,98.0,98.0,98.0,95.0,88.0,94.0,,,,,,,,,,,,
Republic of North Macedonia,DTP1,97,97,97,98,98,99,98,97,97.0,96.0,96.0,95.0,95.0,99.0,96.0,99.0,99.0,95.0,98.0,98.0,98.0,98.0,97.0,98.0,96.0,96.0,,,,,,,,,,,,,
Romania,DTP1,94,94,94,95,95,95,95,96,96.0,96.0,96.0,97.0,97.0,97.0,97.0,98.0,98.0,99.0,99.0,99.0,99.0,99.0,98.0,98.0,98.0,97.0,98.0,98.0,98.0,98.0,98.0,97.0,96.0,98.0,,,,,
Russian Federation,DTP1,97,97,97,97,97,97,97,97,97.0,99.0,99.0,99.0,99.0,99.0,97.0,97.0,97.0,97.0,97.0,97.0,96.0,96.0,94.0,92.0,96.0,92.0,89.0,,,,,,,,,,,,
Rwanda,DTP1,98,99,99,99,99,99,99,98,98.0,98.0,97.0,99.0,99.0,95.0,94.0,97.0,95.0,94.0,93.0,93.0,92.0,90.0,96.0,94.0,47.0,94.0,95.0,97.0,94.0,94.0,93.0,96.0,95.0,74.0,78.0,81.0,63.0,40.0,
Saint Kitts and Nevis,DTP1,99,99,99,96,99,99,99,99,98.0,99.0,99.0,99.0,99.0,99.0,98.0,98.0,99.0,99.0,99.0,99.0,99.0,99.0,99.0,99.0,99.0,99.0,99.0,99.0,99.0,99.0,97.0,98.0,99.0,97.0,98.0,96.0,97.0,86.0,79.0
Saint Lucia,DTP1,99,89,95,99,99,99,99,99,98.0,99.0,99.0,99.0,94.0,99.0,99.0,90.0,99.0,99.0,76.0,96.0,91.0,98.0,96.0,98.0,97.0,98.0,98.0,98.0,96.0,97.0,92.0,95.0,92.0,95.0,94.0,93.0,92.0,84.0,79.0
Saint Vincent and the Grenadines,DTP1,99,99,99,99,99,99,98,98,99.0,99.0,99.0,99.0,99.0,99.0,99.0,99.0,99.0,99.0,99.0,98.0,99.0,99.0,99.0,98.0,99.0,99.0,99.0,99.0,98.0,98.0,98.0,98.0,98.0,96.0,95.0,93.0,86.0,57.0,51.0
Samoa,DTP1,56,84,95,89,88,89,88,91,91.0,86.0,48.0,85.0,80.0,87.0,91.0,96.0,99.0,99.0,99.0,97.0,99.0,98.0,98.0,97.0,97.0,97.0,97.0,92.0,96.0,86.0,96.0,97.0,97.0,96.0,98.0,96.0,95.0,86.0,54.0
San Marino,DTP1,94,88,93,87,87,88,91,94,91.0,91.0,91.0,92.0,93.0,97.0,96.0,97.0,98.0,98.0,98.0,99.0,99.0,99.0,99.0,99.0,96.0,99.0,99.0,99.0,99.0,99.0,99.0,99.0,99.0,99.0,99.0,99.0,,,
Sao Tome and Principe,DTP1,97,96,97,98,98,99,98,98,98.0,99.0,99.0,99.0,99.0,99.0,99.0,98.0,94.0,97.0,89.0,90.0,89.0,90.0,87.0,92.0,94.0,82.0,87.0,95.0,97.0,84.0,91.0,89.0,85.0,72.0,73.0,51.0,59.0,67.0,
Saudi Arabia,DTP1,96,99,98,98,99,98,98,99,98.0,98.0,98.0,97.0,97.0,97.0,96.0,96.0,97.0,99.0,95.0,94.0,95.0,94.0,97.0,98.0,98.0,97.0,97.0,97.0,97.0,98.0,96.0,96.0,95.0,93.0,91.0,86.0,83.0,77.0,66.0
Senegal,DTP1,83,97,96,94,94,96,96,97,96.0,94.0,94.0,97.0,99.0,97.0,95.0,81.0,70.0,79.0,79.0,78.0,79.0,81.0,88.0,93.0,80.0,80.0,77.0,75.0,75.0,72.0,81.0,80.0,77.0,,,,,,
Serbia,DTP1,98,98,97,98,97,98,97,98,97.0,98.0,98.0,98.0,97.0,99.0,91.0,91.0,98.0,95.0,97.0,97.0,97.0,97.0,97.0,96.0,95.0,95.0,94.0,,,,,,,,,,,,
Seychelles,DTP1,99,98,98,99,99,99,98,99,99.0,99.0,99.0,99.0,99.0,99.0,99.0,99.0,99.0,99.0,99.0,99.0,99.0,98.0,99.0,98.0,98.0,98.0,98.0,98.0,99.0,98.0,97.0,96.0,97.0,95.0,98.0,98.0,78.0,35.0,
Sierra Leone,DTP1,98,98,97,95,88,98,98,97,95.0,94.0,84.0,77.0,79.0,80.0,82.0,90.0,89.0,58.0,64.0,68.0,,,,,,,,,,,,,,,,,,,
Singapore,DTP1,98,98,98,98,98,98,98,97,98.0,98.0,98.0,98.0,96.0,96.0,96.0,96.0,98.0,98.0,98.0,98.0,98.0,98.0,94.0,98.0,95.0,97.0,96.0,97.0,95.0,96.0,96.0,98.0,97.0,92.0,91.0,94.0,94.0,95.0,94.0
Slovakia,DTP1,99,99,99,99,99,99,99,99,99.0,99.0,99.0,99.0,99.0,99.0,99.0,99.0,99.0,99.0,99.0,99.0,99.0,99.0,99.0,99.0,99.0,,,,,,,,,,,,,,
Slovenia,DTP1,97,98,98,98,98,98,98,98,98.0,98.0,99.0,99.0,99.0,98.0,98.0,98.0,96.0,96.0,96.0,96.0,97.0,97.0,98.0,98.0,98.0,98.0,98.0,,,,,,,,,,,,
Solomon Islands,DTP1,86,87,99,93,83,88,96,97,90.0,88.0,85.0,93.0,99.0,93.0,91.0,86.0,82.0,84.0,95.0,96.0,88.0,89.0,89.0,87.0,87.0,85.0,88.0,91.0,91.0,86.0,87.0,86.0,67.0,63.0,70.0,52.0,47.0,60.0,71.0
Somalia,DTP1,52,52,52,52,52,52,52,52,55.0,52.0,40.0,59.0,40.0,50.0,50.0,65.0,60.0,57.0,57.0,59.0,51.0,42.0,45.0,46.0,47.0,46.0,45.0,44.0,42.0,41.0,51.0,50.0,40.0,46.0,31.0,24.0,24.0,20.0,
South Africa,DTP1,81,82,86,91,88,81,72,80,80.0,81.0,93.0,95.0,94.0,83.0,80.0,77.0,80.0,82.0,85.0,88.0,90.0,93.0,90.0,89.0,90.0,93.0,92.0,93.0,89.0,88.0,88.0,89.0,88.0,91.0,91.0,90.0,,,
South Sudan,DTP1,58,58,58,55,62,67,76,79,,,,,,,,,,,,,,,,,,,,,,,,,,,,,,,
Spain,DTP1,97,98,98,98,98,98,98,98,98.0,98.0,98.0,98.0,98.0,98.0,98.0,98.0,98.0,98.0,98.0,98.0,98.0,98.0,96.0,96.0,96.0,95.0,94.0,95.0,95.0,97.0,97.0,91.0,96.0,92.0,98.0,,,,
Sri Lanka,DTP1,99,99,99,99,99,99,99,99,99.0,97.0,99.0,99.0,99.0,99.0,98.0,99.0,99.0,99.0,99.0,99.0,97.0,98.0,97.0,97.0,96.0,96.0,96.0,95.0,95.0,95.0,94.0,91.0,91.0,88.0,86.0,84.0,80.0,70.0,71.0
State of Palestine,DTP1,99,99,99,99,99,99,98,99,99.0,99.0,99.0,99.0,99.0,99.0,99.0,99.0,99.0,97.0,95.0,96.0,99.0,98.0,98.0,99.0,98.0,97.0,,,,,,,,,,,,,
Sudan,DTP1,97,98,97,97,98,97,97,97,99.0,92.0,96.0,95.0,91.0,88.0,82.0,83.0,75.0,79.0,75.0,66.0,71.0,78.0,79.0,72.0,71.0,75.0,77.0,83.0,83.0,82.0,65.0,52.0,36.0,28.0,22.0,21.0,20.0,18.0,18.0
Suriname,DTP1,95,90,92,90,91,91,94,90,99.0,91.0,95.0,96.0,94.0,93.0,92.0,81.0,86.0,90.0,90.0,90.0,93.0,95.0,93.0,94.0,90.0,91.0,90.0,91.0,94.0,89.0,84.0,88.0,93.0,94.0,93.0,95.0,82.0,52.0,50.0
Sweden,DTP1,99,99,99,99,99,99,99,99,99.0,99.0,99.0,99.0,99.0,99.0,99.0,99.0,99.0,99.0,99.0,99.0,99.0,99.0,99.0,99.0,99.0,99.0,99.0,99.0,99.0,99.0,99.0,99.0,99.0,99.0,99.0,99.0,99.0,99.0,99.0
Switzerland,DTP1,97,98,98,97,97,96,96,98,95.0,95.0,95.0,95.0,95.0,95.0,95.0,95.0,95.0,95.0,95.0,95.0,93.0,93.0,93.0,93.0,93.0,93.0,93.0,93.0,96.0,96.0,96.0,96.0,96.0,,,,,,
Syrian Arab Republic,DTP1,67,63,61,62,65,55,68,86,89.0,89.0,88.0,88.0,88.0,88.0,89.0,90.0,92.0,90.0,90.0,93.0,94.0,95.0,96.0,96.0,97.0,98.0,95.0,95.0,93.0,99.0,83.0,71.0,90.0,54.0,50.0,45.0,37.0,36.0,35.0
Tajikistan,DTP1,98,98,98,97,98,98,96,98,95.0,96.0,92.0,88.0,92.0,92.0,93.0,92.0,92.0,89.0,88.0,88.0,87.0,85.0,80.0,86.0,93.0,84.0,89.0,,,,,,,,,,,,
Thailand,DTP1,99,99,99,99,99,99,99,99,99.0,99.0,99.0,99.0,99.0,99.0,99.0,99.0,98.0,98.0,98.0,99.0,98.0,98.0,97.0,98.0,97.0,96.0,95.0,96.0,97.0,96.0,93.0,91.0,86.0,83.0,77.0,73.0,73.0,76.0,73.0
Timor-Leste,DTP1,92,92,86,80,81,87,84,70,76.0,77.0,85.0,76.0,71.0,64.0,65.0,65.0,68.0,,,,,,,,,,,,,,,,,,,,,,
Togo,DTP1,92,92,93,92,91,94,94,94,97.0,93.0,92.0,94.0,91.0,91.0,83.0,83.0,75.0,63.0,80.0,81.0,74.0,67.0,70.0,74.0,77.0,80.0,83.0,87.0,90.0,93.0,84.0,92.0,59.0,48.0,32.0,41.0,36.0,29.0,
Tonga,DTP1,86,86,83,86,86,86,81,86,86.0,87.0,90.0,91.0,92.0,94.0,95.0,96.0,94.0,99.0,99.0,99.0,98.0,98.0,99.0,98.0,96.0,98.0,99.0,96.0,97.0,97.0,97.0,99.0,91.0,97.0,75.0,84.0,76.0,62.0,65.0
Trinidad and Tobago,DTP1,99,96,97,98,93,94,97,96,96.0,95.0,91.0,90.0,93.0,98.0,98.0,93.0,98.0,91.0,90.0,92.0,94.0,96.0,96.0,96.0,95.0,93.0,95.0,94.0,94.0,91.0,94.0,92.0,88.0,91.0,85.0,82.0,77.0,83.0,51.0
Tunisia,DTP1,98,99,99,98,98,99,99,98,98.0,99.0,99.0,99.0,99.0,98.0,97.0,96.0,96.0,99.0,99.0,99.0,97.0,98.0,98.0,97.0,97.0,97.0,98.0,97.0,97.0,97.0,97.0,94.0,89.0,88.0,86.0,83.0,,,
Turkey,DTP1,99,98,99,98,97,99,97,98,98.0,97.0,97.0,98.0,92.0,92.0,86.0,76.0,82.0,95.0,92.0,92.0,93.0,92.0,89.0,86.0,95.0,91.0,91.0,89.0,94.0,92.0,95.0,95.0,70.0,78.0,79.0,79.0,80.0,84.0,67.0
Turkmenistan,DTP1,99,99,99,99,99,99,98,98,99.0,98.0,98.0,99.0,99.0,99.0,98.0,96.0,99.0,96.0,97.0,99.0,99.0,98.0,98.0,97.0,96.0,90.0,94.0,,,,,,,,,,,,
Tuvalu,DTP1,99,99,99,99,99,99,99,99,99.0,97.0,99.0,99.0,99.0,99.0,99.0,99.0,99.0,99.0,93.0,84.0,98.0,91.0,98.0,95.0,99.0,94.0,88.0,90.0,99.0,95.0,96.0,81.0,90.0,76.0,62.0,92.0,89.0,73.0,61.0
Uganda,DTP1,99,99,99,97,93,92,92,91,87.0,96.0,87.0,93.0,85.0,90.0,88.0,86.0,84.0,82.0,80.0,78.0,79.0,79.0,80.0,81.0,82.0,80.0,77.0,75.0,72.0,70.0,67.0,55.0,45.0,36.0,36.0,36.0,33.0,29.0,
Ukraine,DTP1,65,65,42,59,59,76,76,50,52.0,71.0,90.0,99.0,99.0,99.0,99.0,99.0,99.0,99.0,99.0,99.0,98.0,99.0,99.0,98.0,98.0,97.0,96.0,,,,,,,,,,,,
United Arab Emirates,DTP1,99,97,99,99,99,98,96,95,94.0,95.0,96.0,97.0,97.0,97.0,96.0,96.0,96.0,96.0,96.0,96.0,97.0,97.0,96.0,96.0,96.0,96.0,95.0,95.0,95.0,94.0,94.0,93.0,92.0,91.0,81.0,74.0,68.0,70.0,32.0
United Kingdom,DTP1,98,98,98,98,98,98,98,98,98.0,97.0,97.0,97.0,97.0,97.0,97.0,97.0,97.0,97.0,97.0,97.0,97.0,97.0,97.0,97.0,97.0,97.0,97.0,96.0,94.0,92.0,91.0,90.0,86.0,85.0,85.0,81.0,77.0,71.0,66.0
United Republic of Tanzania,DTP1,99,99,99,99,99,99,99,96,98.0,90.0,88.0,89.0,94.0,95.0,99.0,99.0,96.0,95.0,92.0,90.0,96.0,92.0,94.0,93.0,94.0,94.0,94.0,93.0,92.0,91.0,95.0,92.0,90.0,86.0,80.0,76.0,74.0,78.0,81.0
United States,DTP1,97,98,98,98,98,98,97,98,98.0,98.0,99.0,99.0,99.0,99.0,99.0,99.0,97.0,98.0,99.0,99.0,98.0,98.0,98.0,98.0,97.0,96.0,94.0,95.0,96.0,97.0,98.0,98.0,98.0,98.0,98.0,98.0,98.0,98.0,98.0
Uruguay,DTP1,96,97,97,99,99,98,98,99,98.0,99.0,98.0,98.0,99.0,99.0,98.0,98.0,99.0,99.0,92.0,94.0,95.0,97.0,97.0,97.0,97.0,97.0,97.0,98.0,98.0,96.0,94.0,95.0,88.0,84.0,83.0,90.0,86.0,80.0,77.0
Uzbekistan,DTP1,99,99,99,99,99,99,99,99,99.0,99.0,99.0,98.0,96.0,99.0,99.0,99.0,99.0,99.0,99.0,99.0,99.0,98.0,98.0,96.0,86.0,83.0,94.0,,,,,,,,,,,,
Vanuatu,DTP1,93,91,93,89,94,92,90,88,86.0,84.0,82.0,80.0,78.0,79.0,80.0,82.0,83.0,84.0,85.0,87.0,88.0,89.0,86.0,90.0,90.0,95.0,91.0,94.0,91.0,82.0,80.0,79.0,56.0,55.0,53.0,52.0,46.0,,
Venezuela (Bolivarian Republic of),DTP1,84,95,97,98,88,90,90,90,90.0,86.0,87.0,70.0,79.0,98.0,93.0,88.0,79.0,82.0,92.0,99.0,90.0,82.0,80.0,87.0,84.0,87.0,86.0,84.0,84.0,80.0,79.0,80.0,80.0,73.0,58.0,80.0,77.0,77.0,79.0
Viet Nam,DTP1,78,98,96,98,95,83,99,97,93.0,97.0,97.0,92.0,94.0,98.0,98.0,99.0,85.0,99.0,97.0,97.0,98.0,98.0,97.0,97.0,97.0,97.0,96.0,96.0,96.0,96.0,88.0,74.0,68.0,67.0,24.0,22.0,,,
Yemen,DTP1,75,76,76,77,82,82,77,79,84.0,84.0,85.0,88.0,86.0,88.0,89.0,77.0,72.0,87.0,88.0,84.0,75.0,65.0,72.0,69.0,58.0,77.0,74.0,61.0,94.0,79.0,61.0,41.0,35.0,33.0,27.0,24.0,22.0,21.0,18.0
Zambia,DTP1,94,95,99,97,96,86,86,87,92.0,96.0,95.0,93.0,92.0,92.0,93.0,93.0,94.0,94.0,94.0,94.0,94.0,94.0,94.0,97.0,96.0,95.0,94.0,94.0,97.0,94.0,94.0,94.0,86.0,86.0,81.0,73.0,,,
Zimbabwe,DTP1,94,94,94,94,98,98,99,99,95.0,87.0,89.0,86.0,83.0,80.0,77.0,79.0,81.0,83.0,84.0,86.0,88.0,95.0,96.0,96.0,95.0,95.0,95.0,95.0,96.0,95.0,95.0,94.0,91.0,84.0,82.0,77.0,71.0,64.0,
